cookie_id,score
ck_315fb710a0e371e7,0.001419558260
ck_a76ee3b3e3e522fd,0.067567775932
ck_94c9a4d382689e82,0.065156853725
ck_8eaf9509ad9462a0,0.002436908663
ck_9a88a5a989cb5bc6,0.006498846595
ck_15239ef0689c1a35,0.007330431450
ck_8de69cd219d3b87f,0.210280228421
ck_f92cd37022b0ce21,0.019696088096
ck_1a3ff7620580a514,0.009652026503
ck_397c03aa33a57310,0.192392040895
ck_a7cf6c3b322f6b7a,0.027184312922
ck_c39a9e75760e3201,0.017536177964
ck_88ab6d245228c38e,0.000530089003
ck_17733f75ebdea93e,0.031710435085
ck_58eb871e8d7bed52,0.034469538945
ck_e55b7fa67db1ec27,0.003502109077
ck_62f5cfe22c952694,0.098948282604
ck_7fbb709a0fe95759,0.002845655126
ck_87abe9cd066a20fb,0.025683617823
ck_d58e058b5c553dd5,0.008359379210
ck_d27b872648b71202,0.001216548308
ck_4b4a3c5b95c55b43,0.001016526214
ck_66dd4f4b4127256d,0.001288906923
ck_93cc12703b500613,0.051048722590
ck_d28806a2179092eb,0.996473612467
ck_0595c2a0c7881e05,0.003741919272
ck_50087d8666191144,0.047170390859
ck_b08b3f089138c901,0.019074187242
ck_fe3b67041dad2dd1,0.002437367694
ck_8449a28f7d475d93,0.018352111050
ck_8642e3b6d84f49d3,0.004579139376
ck_e49b5e4f2f2e79db,0.138728850379
ck_437afe412ea4259c,0.101044573515
ck_569b83668d74042d,0.269920034412
ck_233a487d31c3e631,0.998744279348
ck_1fca72e03143a645,0.773001207604
ck_79205e31223df2ad,0.028827154342
ck_9625a64406ea16e3,0.008368292363
ck_079bd18dacb704a8,0.099498175987
ck_4db6d4fd2b49aa81,0.014503351787
ck_0dbefdac0a1868fb,0.003752285538
ck_24ff97ad90bdd69a,0.090072819285
ck_77f8c5042065d506,0.001175062502
ck_f11be8ce05382cec,0.077976149773
ck_c9d72140b0389216,0.005590691858
ck_69eda24e931fb36a,0.001412573107
ck_ed471e496916ee15,0.003410935543
ck_ff090498c4b17ac3,0.003809771511
ck_c3c19d6a0720915c,0.003582399159
ck_af02e1817cfa40b5,0.286283904400
ck_2df5a9fc87553eb1,0.004914252833
ck_4ac918e884cff336,0.012138170565
ck_ca149244b54ef3ad,0.018484106764
ck_6babe5b8674ff51f,0.002624257492
ck_1573878386886290,0.005882117311
ck_3925f8565abb7fe4,0.046707476174
ck_c4de808ae69c771f,0.003036396585
ck_a777c813551281fe,0.094652024881
ck_df4424f6dd85080d,0.104875037213
ck_85e5494ec20383ae,0.016624317249
ck_f71a4094e889c3af,0.006832142622
ck_f2f3cf9cd23b2809,0.023595667676
ck_18e2076397bcc211,0.022560052866
ck_c9f9fddef39bc664,0.030353128640
ck_7e826e233d6ea028,0.003417638726
ck_62fd7eb46bee9210,0.009471738083
ck_206f8e3cd72768f3,0.080362854533
ck_aa295a11b0a6ab36,0.008115044270
ck_9a56739d81f84a53,0.172344331886
ck_aa075c418ed9fe5a,0.114380120608
ck_62b9fb3db284941b,0.006382904439
ck_f4f83b1403ebea46,0.015298934095
ck_16b66bd803288bc3,0.197611828981
ck_c4ca1434f3778f1d,0.996846799421
ck_1b823610371a29c0,0.005249933645
ck_c2bd5a722aa637d9,0.057409613059
ck_7890208951df34f0,0.007554151710
ck_020eb0e454524ecd,0.003436183047
ck_3b66196ccf436c35,0.005395222616
ck_109fc467ec0a4af5,0.029040775995
ck_f3dcd818db92de7b,0.006127283761
ck_31e7742f160980ef,0.014714469454
ck_77fce5f86f00b8f4,0.104425242574
ck_46bc797b4d07d607,0.004147335930
ck_37899b1b571b1c6b,0.011414230446
ck_ef8a6af43fedd464,0.010610371212
ck_bcc8519fe8521038,0.024119894293
ck_90696b7182dd9129,0.014923524848
ck_4a24ad61d017e1ba,0.008929729932
ck_0acc3d8c67218b9d,0.024648106130
ck_05c97fc9de11aba6,0.106470319181
ck_f8ac3a0500c0ec62,0.005539179769
ck_617b65141f546a1c,0.005911561091
ck_9d00823bf60388d7,0.015026175011
ck_123c15d93f1840f2,0.087381683791
ck_573feefba6bf78bb,0.128740456835
ck_b25657bd16739036,0.011109859845
ck_bd26d2bef14a8597,0.004006313894
ck_a553418f2fba1440,0.010830744492
ck_89f3e380b0686963,0.038585758345
ck_b359192aa659bdce,0.001934301732
ck_02241f3dc301bebf,0.016144989937
ck_5ccc1a1c78cb33ee,0.119104069880
ck_349cc5edda1b8853,0.010380109834
ck_e9f228845bf6e28b,0.055039190529
ck_0a45d033d4e280ea,0.014120216667
ck_7e63168dda612235,0.001951791424
ck_676fa5f6aae5475b,0.012499312372
ck_74b502b20690ccfe,0.020571663210
ck_073509af21dd7f5f,0.404337652511
ck_498a0acd450944d8,0.002726862571
ck_7f15b50b29dead01,0.041043408220
ck_8089fe7403c5f537,0.004531966282
ck_05b2b04e11d9ae9c,0.007671888608
ck_31e70f2f04b48b88,0.001071927820
ck_994316fa5a02b319,0.006216399133
ck_b76510998b9a2260,0.004686002479
ck_4db95c310e105d30,0.003026329599
ck_6f730b77dc6cdb84,0.044000097583
ck_2493ee8e7b91d304,0.020602549467
ck_92d679d6ac7dcdcb,0.039903873338
ck_3a0e0200cbb185cb,0.113274718906
ck_0b2eeb4e00ff7955,0.012137767519
ck_9843d0e61c37ebe8,0.997753800584
ck_e61c8721e3ef1921,0.006436332792
ck_2e0eedaaf2980c2c,0.029117588063
ck_9036b2e5e9298a34,0.025370254973
ck_3265442528d51728,0.115714892574
ck_f2ddae2eb1cb29b4,0.037966213927
ck_6cfa71d27fc27f92,0.019279993335
ck_f3199fbe84a28b9a,0.071832016878
ck_b78d785ca3ef773a,0.010495601633
ck_374865697f1480eb,0.018685626152
ck_06d0e4a9189302a9,0.029280741909
ck_9c9884b9bcaa552e,0.456792835756
ck_fd4cf578e87703ff,0.042718207076
ck_1917ef3e6e345549,0.110216037475
ck_e70418b00cbbbac9,0.037003691000
ck_a60388296a47062c,0.030893532539
ck_d598fe8d2c779ab9,0.005525237995
ck_646dc03de4c31803,0.269642131630
ck_e4fd8cbd842b6993,0.010773441147
ck_2225b555aa2a42ed,0.025332804676
ck_6be8ae9d78148882,0.007273008054
ck_4199342d3aca74e8,0.052095809518
ck_779581adb573261f,0.012798175138
ck_bb303568b6915205,0.004929231340
ck_17c4296276448afe,0.093086402198
ck_a60a61ac829252a0,0.005381643582
ck_6ea70950c1cae00b,0.984778391530
ck_1abb93f6924645e1,0.020428144449
ck_faab769cce19879a,0.062230157799
ck_d5b8e74e7ca6355a,0.033484743637
ck_f11f7691af16ad07,0.004596058601
ck_188fdf2be7c92e9d,0.997733153042
ck_4a103f8254b366f7,0.107997557651
ck_bfa17a0b1760e616,0.002960091255
ck_a4d7f6a5869d440a,0.720952840297
ck_58e20f5a3e7f11b8,0.776721123565
ck_4becdd3d2696c7ba,0.004596613545
ck_dad5cf32ab9f243f,0.056548070921
ck_7d9f73dc7c4f90c3,0.195351276898
ck_c19371047a2d011d,0.003661549417
ck_247589ff532f7aa8,0.004807556878
ck_7a9f241d5f082567,0.014002064210
ck_0a2b7078736b4dda,0.001375748199
ck_687b412e2aac7eb6,0.009577163198
ck_fce0b6855886a0b8,0.009366262798
ck_e291cc60920456d0,0.049957508485
ck_04219a7ea798db51,0.077303127750
ck_286bfd719836e9f3,0.215721415849
ck_55efc92394fee232,0.005171175989
ck_e36c8da1bd359960,0.019987798180
ck_34b0988a97d96902,0.005587422460
ck_e0fb11fc9dcb34e6,0.007416649334
ck_bcc9cbc9ed8b7c31,0.012092720525
ck_3df8da6f60a89a5b,0.008251154184
ck_b1495ee5c59a6b28,0.008864798562
ck_58f4c3ac61fda129,0.039922370803
ck_735f244b99e3aa8d,0.010752236974
ck_6b93bd8abf87b1d6,0.930087882396
ck_12107dacc6d05bd1,0.002962135193
ck_f96db2a1f3448d1f,0.006167622677
ck_8fd91a3c99e19097,0.017272126966
ck_910205d25388a0ae,0.002500967894
ck_d229dfa0e4442628,0.020671205663
ck_7cdec61e1c488798,0.006708710044
ck_f66f06e24ff32671,0.030646855132
ck_350bf14e90b503f5,0.010670718320
ck_61fff5fdaadd394b,0.001867837723
ck_e934f984bad2ff91,0.333345043893
ck_ff6a6d3547dd2d37,0.020452442117
ck_65ad9b15979e3247,0.009146883200
ck_bbe1a2ea5a403ad8,0.196027514876
ck_6f3a28eecd2c4031,0.008049299313
ck_a89b66665714058f,0.015625986113
ck_918c92182b6817cd,0.032462719670
ck_64f5eb4be9e7b8fa,0.193596630238
ck_d021fd497ea35fb2,0.013986430097
ck_004de16f7d8a42ae,0.016250096606
ck_a33d2325f86ab12d,0.015509085263
ck_89790ff26c844bc6,0.039276497675
ck_e6e7257377c37b28,0.021149137089
ck_a2cc3910a641a808,0.520193033832
ck_646e270e0195bf05,0.004096003941
ck_baba5d66def0d770,0.042513351477
ck_67cdcdda3033842d,0.035700264246
ck_b5c3075c811a2216,0.012408327902
ck_515379973a8044b8,0.013248110363
ck_c0ce85fb4109567d,0.054203312583
ck_fef850553862aaca,0.005444723310
ck_55d7217b0aff9fa2,0.023861396480
ck_8e139f8925ef7968,0.005889756439
ck_9e35b908fca1e4d7,0.007165588307
ck_59735f4ab2ad3da5,0.019462087975
ck_dc569c1167ccec0d,0.682288990841
ck_1dade5592f90a15c,0.040473857386
ck_793048d11fb8b328,0.081962743520
ck_545b71eb4fa594b5,0.004251238085
ck_bd30853e9a57b544,0.004081999553
ck_59f46321ecf6d306,0.012353602222
ck_260cfe9141d249f1,0.377918437626
ck_3365a0ad1a8aa83c,0.004158356235
ck_b0ef193195a2138b,0.004641900239
ck_0f909705e2e60f2f,0.010985639021
ck_5a540b75c866166a,0.023624296085
ck_87c26b2f41025109,0.989018254982
ck_27acc9f320cda104,0.119966751415
ck_a27bc31eecd9cb9a,0.014925332071
ck_115d86fabde77b65,0.005150679520
ck_eeca179341d56f8a,0.740512260880
ck_8e5999c436cf037e,0.001645026609
ck_510e7c5df1f95d90,0.996978873342
ck_f1acf73363925958,0.011434334760
ck_3c177f5970b68bd3,0.006689897994
ck_9cdfaa1c30cc9d32,0.001136628515
ck_c8efa1538b37c359,0.112837504521
ck_a8a2e296f9804bd7,0.023541623702
ck_91a0ca45f429568d,0.017329038482
ck_5fdf8a0bdbd3ed62,0.014841752290
ck_0f4e2ec66d50da5f,0.011922599482
ck_28c53b214b2ee882,0.095516574411
ck_003148504557f720,0.124720874886
ck_01d840cffb870615,0.129026927821
ck_555848d51f4b5f35,0.060737476027
ck_df20cc23b8fb8e22,0.006648539376
ck_f9604adde929beff,0.011089218494
ck_d66952b03591bdec,0.027949815885
ck_ddcac1ab765ff61a,0.023716860319
ck_347386629d96c664,0.018845743718
ck_ab01db9117acfe3d,0.004818740579
ck_58e5359efc52e0ad,0.008726560633
ck_1a524b5cc8da71b3,0.058196572383
ck_e9287b6d909d731f,0.002242125262
ck_bb41a66e3d90263b,0.295695571220
ck_e95c8cc1864bd584,0.001530389235
ck_7a3f2961e9a8b6dc,0.037462942424
ck_378a9df82b1e0bee,0.414855737765
ck_42633573639a3f02,0.972859631982
ck_2a5a4c18c2c7274b,0.007884463412
ck_77549c1a41f837c3,0.016261326675
ck_a26704b5b26258b7,0.011391298548
ck_9874ad160efddf50,0.002960488299
ck_9111e3a04b14dfba,0.020316607719
ck_651e076ee43aea85,0.006391814584
ck_391639c0f13932f3,0.001998674182
ck_02dbabda93c8c13d,0.031812803150
ck_0adcb1fffcb0a34b,0.032408611034
ck_7a43ef9c7b1c67b5,0.008362874494
ck_4b9dd69946438d0b,0.004937581934
ck_90bf017cdd37b66e,0.029419263930
ck_61c74163eb36556e,0.011801740512
ck_13376c59b5bd6943,0.006793478520
ck_62337eccb1672737,0.024080827900
ck_16077934338472bf,0.010609754483
ck_0d4dfd93086e7330,0.010320181843
ck_3865b7525b910893,0.005563051550
ck_7e2ae8b69ebd5675,0.005617606933
ck_b4384b6c11766ce7,0.123674554158
ck_3d7fa32dfb9fc692,0.068788217665
ck_f4a6a7cadd6e0603,0.089088114817
ck_212525e2828a6c45,0.054405896268
ck_33ad8d53394ba77a,0.544785549634
ck_a5051eafe8b51224,0.090863977670
ck_f65e5ff7da565f91,0.003387027349
ck_5c37f7563fa7591d,0.007555742201
ck_f1e0a006068aff29,0.007171643439
ck_c646cdead6fb79d0,0.008308612548
ck_f8b3cdffef535330,0.029859860993
ck_e5cdbe3aa12c97f6,0.005520989654
ck_986e4e61440506d0,0.116198802878
ck_6da9c5912e15d9a8,0.012808634734
ck_51d842e6dae74c71,0.004362191417
ck_5fc65c24e0736d5d,0.607408387101
ck_babb95a76c69509d,0.038963377292
ck_86a2d852a9715432,0.011701685939
ck_db4083a0d043def8,0.560830245050
ck_96953b8945b7d403,0.003970135383
ck_7831ca5c31fb3859,0.080169437656
ck_60ac5e5f375daa38,0.030650872104
ck_05d44eb1f5f085ce,0.013571963104
ck_432cc19c7eeaa46e,0.009653422572
ck_7fc513033af061af,0.011941384603
ck_ada6ede84c111719,0.018450255038
ck_6343e0d3b1c2962b,0.007890860397
ck_010264ae04f2e902,0.061815561334
ck_e9dcf535f8c289eb,0.054722367006
ck_37143d9cc296e6fa,0.005567170778
ck_61fa051192f3e810,0.014217009071
ck_f9f93d1d41be1468,0.237736556308
ck_c4f4f28457be8a74,0.002088144521
ck_323a71f9452d21cb,0.445255187798
ck_170f4688e0acd875,0.035618517144
ck_869b1878d09d230d,0.191096210809
ck_2f6b33bf46976229,0.002337941080
ck_b11e22e75d9b99de,0.003634499177
ck_123d75ffb75b606d,0.075423854977
ck_94295287a04c85d2,0.270776522696
ck_1b0434f096795328,0.004357947946
ck_0a4e191cd0a57ce1,0.019962725603
ck_d2fbd0df99634676,0.004930083627
ck_d51df5e9fbbbcc94,0.422134145706
ck_2d3d7d64a6f443f8,0.017019547741
ck_731943c682c9394e,0.040097083721
ck_5ccc0c94e5e1f849,0.019208538027
ck_c3476080516db25d,0.010607647375
ck_5010ffb1c94187b5,0.003710632759
ck_7ef666d67bc70223,0.014400437785
ck_c1b493527224a27a,0.026468026411
ck_5d1e25d7acc5af9a,0.009757675462
ck_ec30b61cbf517db8,0.004113749532
ck_79323eb5d2e5efae,0.005995491309
ck_4085cd3bf2661518,0.013699707171
ck_2ca91214c357c072,0.208796472332
ck_7f3132d6be389657,0.065860751659
ck_e7a6b925c8f39a85,0.045929006426
ck_c886adec7bac250a,0.047681362664
ck_c3f360c2d0ea0a37,0.012827856221
ck_a7acd5b015823793,0.004544604577
ck_9d64187c0800f84e,0.007824494339
ck_5d4ed73b9efd7d11,0.007682691067
ck_874eca6776b34dec,0.005989282059
ck_96a9221a87be93c3,0.067531664441
ck_68dd79a51eabf5e6,0.016512083741
ck_8311cb6755b2016c,0.002948175033
ck_16fc77b2bcf5ec03,0.979256165308
ck_ad9e2088a33c8c72,0.001361029161
ck_7176bbc97b1e42a1,0.006212143916
ck_80dfa54b30f65fff,0.677232592238
ck_31c54d540b128843,0.011206183460
ck_43ea894480567274,0.019047559033
ck_9c9e8a38bd5a6c88,0.007689020354
ck_1c2dcae19539e148,0.128036104798
ck_b0fa8b84e94d8ae0,0.005397008056
ck_4ceb43ccd0a81c2f,0.005424133562
ck_ba845332b730b596,0.005495557356
ck_73d3e8c6077f61e6,0.076807948638
ck_b5d0d223ef56473f,0.033571110021
ck_949f08f8e80e93ea,0.002492071360
ck_73de0b49709e5f8c,0.010566285054
ck_b5935e9722a39819,0.089194933571
ck_96247fee0eb44420,0.006673578699
ck_a6def1e4b2d57e0d,0.018697575336
ck_aecdc5a96321a2d8,0.006588061714
ck_bc61c59970f8de49,0.025159482243
ck_c43b4175fc9ac5bd,0.722240313176
ck_8ff7a9b23a55fd62,0.005330421904
ck_20c99b645f462449,0.013267670029
ck_a5ce2ae36fb410d9,0.001796611920
ck_96fb9bf556842bbc,0.011760416391
ck_b5e4c6dbbed1b773,0.023039358123
ck_2085433978e72ea9,0.047770607731
ck_2c6b174b063ec637,0.008792558167
ck_b20b81b88dabe28d,0.010098919196
ck_243c18dbf150831c,0.053134318616
ck_2bb6a17e8eee35cc,0.026993847429
ck_66147fb994495396,0.309165626324
ck_73f124f075ede0fc,0.012596099213
ck_2e315f1b1e533dab,0.149035899053
ck_16c7bf94ed3e7a6f,0.001926200750
ck_4a0eae220a762ac5,0.019211305081
ck_dc16f939c2f44ad8,0.053841398399
ck_817926b449754917,0.007296312105
ck_0c0dde42ab64ef87,0.019288116679
ck_cb3a40594da6a2ee,0.034262398164
ck_d0dc156441fcfdcb,0.017784057053
ck_66f0945add423e9e,0.030489929623
ck_a74f6a3030f5d495,0.020565771861
ck_1ae460f331e49ae2,0.013542118495
ck_2d177b2f4f0b40c9,0.262897262337
ck_92e474e4368c4791,0.008778730817
ck_3dee83fa2d109484,0.003632545583
ck_80e5ea27848069fe,0.004635894884
ck_ed0c4a83701ca230,0.006894478928
ck_0b8b7c5c581fd161,0.004343092285
ck_60bf8a2870956fb1,0.010243028799
ck_73a54b56a2bf35fe,0.239953214613
ck_2296d7a563424883,0.003598614409
ck_bc19c383560c7477,0.015219712519
ck_861d8e3d88f1079e,0.067195043716
ck_3f090fc96c24eb28,0.009016442378
ck_9a6a1f8102febfca,0.026236242687
ck_541b6ad5d2fa5a39,0.033720384713
ck_a760d38d1bc4de97,0.009476479179
ck_7dca4d7ee10b4eeb,0.004150982179
ck_15220e78d1545e40,0.015356351548
ck_ca24bb0de508efb0,0.012736301088
ck_56b389627d8f02c5,0.995491770305
ck_48a6754977a44db0,0.017958504023
ck_333a43ec339a04cb,0.062596575369
ck_f22aacaf86a65d7e,0.026042080599
ck_04bd8a1ffaf3ffd8,0.005135991613
ck_2737a72de6b700f3,0.093582970979
ck_c35e03b0dd0c3454,0.018737557726
ck_e0571312f395cd94,0.019469011564
ck_09fab6b9825001b2,0.004599242311
ck_18c3a095606209e8,0.007296720397
ck_2a97db9377d01e36,0.007355196981
ck_f29dbbfdd2786bd1,0.010393994956
ck_35d6c510ad29362e,0.431043633851
ck_5468fa99c945d785,0.006731075356
ck_6f8102f62c876cc9,0.011573673875
ck_91955aab3424ad16,0.011009871840
ck_9a43c0c73a39d759,0.015559246615
ck_60b023af6d1e30bf,0.311993772774
ck_9704c5cf8659cedc,0.022609358627
ck_7e5f02b51b9f78bf,0.039916873478
ck_7d3a88d1aa649708,0.898290102201
ck_8250eddc1ecb07a0,0.035554298147
ck_d979ef95ee44023d,0.020101106294
ck_5e5461dac83531ac,0.012871601272
ck_d1bb8890081e0a31,0.010102903754
ck_32246c62640648d9,0.006724909544
ck_77a40c7d2f862a32,0.027269629257
ck_1c8b94efe9238f5b,0.006011228115
ck_eaf3b6d11bc3cb11,0.011161688633
ck_a4a7ef3ad799c380,0.077250257094
ck_d5bd8f68da073cd8,0.018340024799
ck_6e6258227fc8db7f,0.003846459627
ck_c35d444e05799db6,0.019168273519
ck_74665e1209140ae8,0.029155159287
ck_353a272478f7e903,0.066726315007
ck_a2c9796ea229a4e2,0.027565037834
ck_e0171f91cb3411fe,0.005158797740
ck_703499f5410280f7,0.008235515963
ck_ae3a763997f8f385,0.048259292835
ck_f7ff94c3df5ac874,0.009410665589
ck_f3c16d8f747db046,0.027177426916
ck_7ef019ed77276496,0.021171595126
ck_d6a4faadab58a3de,0.003835886108
ck_ba7b78d31d74c794,0.033416321014
ck_36287d063350ce9d,0.007088972033
ck_5177fc7137ff26ce,0.004801249909
ck_dfd4e79aaa967b63,0.013272522509
ck_fb44d15fb93a7157,0.005630473498
ck_fca478361870a4ca,0.081632935579
ck_e57b94fe57341058,0.027318947988
ck_5448c946cc4758fe,0.015963314747
ck_c5ece5ffb8800ad4,0.008087965945
ck_11cb98211b2ed134,0.710121189691
ck_f655399ac75c4450,0.012247360744
ck_c817259019588d30,0.006087928985
ck_8740a14d8096c6e1,0.005927726740
ck_0c5ba86f4e05b38d,0.020439184352
ck_ccc917533d4b73d4,0.024496219029
ck_9eb80edfa43203de,0.014981696627
ck_d1a1cf4cf61d6801,0.021108601632
ck_b17c239f160e6017,0.005533102952
ck_410c3e13b48e0415,0.014127244495
ck_ab553954435e8854,0.580134098276
ck_bdbb4230c91e1604,0.012795688293
ck_8fd4937eadd64fb6,0.013082431302
ck_e0e90b196bef3c11,0.007040857721
ck_3dc4d464386f0eb2,0.141141498907
ck_51bbbf8f8e8ad005,0.996910528294
ck_c05737ab74cf03c6,0.054215487504
ck_dceabbe04d99afc2,0.005582682240
ck_5b86fd14e85bc9c7,0.391000727963
ck_d4febf0083800424,0.476911052170
ck_77d9f86dcf251739,0.006735595717
ck_b4dcebc543deaafb,0.043621520610
ck_cb856e75c949b0cc,0.001706337092
ck_61b067de8ffc1ca1,0.016651849953
ck_c0e8560ccfd9dd9d,0.001539463448
ck_173e1198c341087b,0.002842466145
ck_b4d55bc809000276,0.037924456899
ck_839bf139296b5cea,0.004763086107
ck_78cd402a2a4f2e35,0.006617007530
ck_c2925c50ebacbdba,0.002840895310
ck_5e3bc76eddbdb0a6,0.005503350653
ck_b7793edca26fc512,0.021732528566
ck_d79bdf04d6f31cd5,0.012620412460
ck_4b97d19ed946f503,0.003572797329
ck_37139b41c5370523,0.045976072184
ck_8c346eeefa9ce692,0.010661440348
ck_2ab7eddee2d8c49e,0.003265807968
ck_29da59ea3bffb9d8,0.184811307506
ck_c1d05ef0ec6e4be7,0.004567216913
ck_3882423b449f6291,0.861233179369
ck_5647030283171ed5,0.425025698332
ck_efbdcd9c181e72ca,0.006291395147
ck_192fdad892782daf,0.128207600824
ck_0bf2e13b9f2601ac,0.012943124290
ck_3d6046a533057795,0.018579227720
ck_279a1d3a3836e5cc,0.005575466292
ck_c375e929becde422,0.011020698997
ck_a59e90219939a1f0,0.002554938648
ck_4e9fba1ec54c3ff8,0.008454658046
ck_bcbd8588a13f5eef,0.000558016614
ck_5f9a7ff990341bdd,0.017914196683
ck_e0403d507519b7d2,0.006306850650
ck_c9490cb61aff5112,0.011126039191
ck_41dd44308e6a665a,0.101108583949
ck_76c23726cd7ca947,0.007904435628
ck_9be551300209fa83,0.007201615967
ck_a98848eec6c9581e,0.032655484445
ck_61176dafb33b2d8a,0.741686948199
ck_92de019e05971ce3,0.015125778247
ck_5d644224135d7c65,0.007414570103
ck_c767fc454fa215d0,0.029583112372
ck_5df85a8924e11f27,0.032920756750
ck_da2729307af06ed5,0.021740444001
ck_7c6b577174af7a78,0.000759053560
ck_893b8afbe11301e1,0.003014292914
ck_e06f6fed020ae014,0.010392554941
ck_386680372fb54857,0.014020823179
ck_7a7f3c4fe0c9d2ca,0.010196763373
ck_f908b527c4db422d,0.062975716403
ck_ec2eee6a133e9a6f,0.033356592231
ck_d98934f9fe0b02b3,0.006736808793
ck_398a1ed77b0130e5,0.008608233742
ck_d960af7a55b892b1,0.010203872409
ck_4637e54a9f79e2e7,0.029318571217
ck_02b9f418524f6650,0.010135011457
ck_d4b23804cebb045d,0.013304607230
ck_35b1939c48182a9a,0.010003397710
ck_2dcbb71e39d64305,0.019171405607
ck_47a884dec960ff2d,0.154878521671
ck_71fd8c346fde5cca,0.057172069574
ck_98e1992ac8e7d2de,0.113473910179
ck_ae7780327e210522,0.009010654409
ck_e6c584b4b1ad6d9d,0.012214428856
ck_344b2e326a6c3dcc,0.013526961632
ck_9aa899a5230b0963,0.027183077341
ck_e48d14d5b70ef5aa,0.006955709839
ck_59d380a0973b3951,0.013542865977
ck_11318f7c041a5ba9,0.005963187318
ck_7061786fe2f22f5a,0.036660227072
ck_e77529651c416cf7,0.004898114928
ck_7f79878197340435,0.003442513160
ck_b0a0fb0ee9ebf106,0.089516479274
ck_70c7679199776a90,0.008540179461
ck_b9facd2210daca5c,0.132889010850
ck_9949f53c155b8dde,0.004777708499
ck_1c607e24f2c4397a,0.018723968287
ck_aefd1ce3ce093cbd,0.008480850355
ck_5a29b7018e43280c,0.003227001376
ck_69eb0b2ccfbe5f95,0.008701444404
ck_fe037765aa465c58,0.004583031661
ck_5e512ef5362a3dd6,0.019920835742
ck_544a9e80b7fdc279,0.019187496300
ck_7825494e654d5695,0.007549168500
ck_f1f2c3c623553f0d,0.003175643908
ck_52730906e5b461eb,0.860450653068
ck_01e0689157fe9617,0.051719771894
ck_9da82e567074da9d,0.009020903303
ck_6a17384072f904c0,0.068741299287
ck_8d84d771a21942a7,0.005345012181
ck_39638880292782a7,0.016660411123
ck_7d51c86e0eec72ac,0.010274497761
ck_45f4c821c70d134f,0.396441551381
ck_0af3c13ba56ce57c,0.006620975370
ck_0789a05e061b2784,0.347665603292
ck_6ba091eb42ffa9fb,0.025240979219
ck_265accb3c5c32620,0.026221268247
ck_179039559ff7566c,0.023095837221
ck_17c0a6a92b5765cf,0.007328177286
ck_59371c9140239fd7,0.023388369303
ck_f9c4f8b4ce2691f0,0.010785047948
ck_a2637e4872cf4811,0.099948332444
ck_1de43fd6c6c22a5f,0.199846359122
ck_6e4f31bd108571f0,0.006146780870
ck_da06d97db0b18851,0.002610426334
ck_e0346d5081e640e8,0.039307418398
ck_c1c7d4e62c9fcded,0.007282583734
ck_2595669e421299f6,0.037200451594
ck_3b6057d51fd4c7d6,0.006180560869
ck_c5f8ab515840a0fe,0.004179239068
ck_435cb24538c6f77c,0.024311856094
ck_d84b5403da4cea7b,0.014500427889
ck_c2b61a98d1c8f6dd,0.697181425623
ck_c9dcd92b2f836b61,0.105055947058
ck_9eb5b3f5f672c2b1,0.007134879850
ck_e4cf189a8d31649a,0.001836751689
ck_6b114f2a48152b96,0.018063212114
ck_3fb95862b70f505c,0.046998818319
ck_7f780f465c29398e,0.008962178260
ck_ee387f9da79e67ea,0.025777645058
ck_fa3b1e85d27af2ee,0.028751344533
ck_e739eaaa7a1822f2,0.016380539610
ck_dfa0ac11fcb1dabd,0.009583982281
ck_6e8751b571ea54d1,0.013602004358
ck_2d695f8358383092,0.015591150871
ck_e7dce27edb700f27,0.005218241442
ck_e322da8b213eab52,0.003260509489
ck_d0b32e039abb8200,0.012940473925
ck_b354003302b272ca,0.005459972985
ck_f7485cba392bc294,0.406311188078
ck_d6a290ff8362c7b9,0.186449865247
ck_c56a44fe315c0389,0.006085166618
ck_f77dfe6512eae322,0.031255476209
ck_35fe969c58b9e70b,0.177081718483
ck_4c518637db2322d5,0.077273093480
ck_cb61902798ecc4fd,0.017244311832
ck_56e6cfa32156a916,0.003014187925
ck_343e6ed2b9d35c01,0.006768849319
ck_51440f64f7250ad7,0.047778953346
ck_295bca29c34cfe2e,0.003008188982
ck_dd30558576b45e7b,0.005414167700
ck_3a30132a57181fe3,0.027006995607
ck_4a733aeb833406f4,0.012056882450
ck_1b0b7c3d35ab1259,0.030882349752
ck_962c3bbf27cd4b80,0.088537486679
ck_9528e1d6b1707870,0.014291259336
ck_b3263e7f31aab45f,0.009859505094
ck_e69195a3c885053d,0.004973780330
ck_a907fa8795cd4baf,0.013104609378
ck_205c3405045bd835,0.007516344090
ck_e81fc223bed3c46a,0.034250086529
ck_363751deae40edfb,0.160001855585
ck_6176baea8cbebbb6,0.005372956623
ck_633e6579f5c74a5c,0.782853102755
ck_ddc11fc481eef58d,0.024677551065
ck_e975002c979e12c7,0.047325041253
ck_8e039b23acaaac00,0.064548447918
ck_1d6990d94a4d2ad6,0.001261998956
ck_e7b583acaa3171a2,0.085928883225
ck_c0133f60d39b2fb5,0.017759794507
ck_7d6bff85e7a694bc,0.007081512914
ck_d305b4d82f63f647,0.003794335864
ck_22bd0fc71f95e048,0.045569304563
ck_9a65fcfc7916f93f,0.007603452949
ck_d61c837b0106085a,0.051808232457
ck_be86a1db08dea456,0.033823977771
ck_90489c405e6886d8,0.005092349228
ck_0add2c321d579d75,0.022940255595
ck_482dea6eed92cbbc,0.010215716642
ck_c24b47184534cc2c,0.997784233948
ck_fa04ac31e596e7d6,0.002084795552
ck_084322dc5a3a86f0,0.006346801920
ck_ccb72a33cc1877b7,0.014713693308
ck_afaf374009d3b248,0.006801769565
ck_b53084ffede19a8e,0.004334159157
ck_4760216154c8cac2,0.169492746029
ck_37ad3a65db673e70,0.001906162539
ck_0c2932cc0d553694,0.004411512244
ck_86b853c52f20fef5,0.003570267883
ck_38703b7546d35a80,0.138242108783
ck_218b7e6e6dbd2da0,0.003704425746
ck_402db4184982fdf5,0.016646238694
ck_f917c82af80e4a79,0.021131243981
ck_3c6417a233c68c73,0.024316944571
ck_98068c397d70dd3a,0.015418062670
ck_b1cbd6679c0f8d95,0.004156806591
ck_9e962f9bb0e7bac2,0.012619366744
ck_b08247c3ad567d92,0.675838325733
ck_3ef7a03ebb81cfe3,0.001567695156
ck_5d7ae0e3562e99bf,0.074395371507
ck_c91a628236baf91b,0.085560665126
ck_7f8e816ca51755e3,0.813455613687
ck_5aadd286d188f5c3,0.003603606610
ck_a037aff5f8128c73,0.001818345318
ck_5df6529ce8290906,0.008822980792
ck_5f3609511443e5a8,0.008224324766
ck_a6f61864fac3c8fb,0.004253737328
ck_2733fc6ba23ae46e,0.013700557689
ck_22bfb9246646eb41,0.179581226542
ck_bfc2a57d8fd1610c,0.312806211712
ck_49839e761d0e74e9,0.011741157010
ck_aa4ba931dd37481d,0.007518181620
ck_2f9fa0d61829f815,0.012842177380
ck_5b82c774df10d49b,0.007272266276
ck_411219470d0a195c,0.008013173966
ck_d07485ba10514a2d,0.198296925013
ck_219bef979ee21bdf,0.002508131498
ck_eb1006e7285184a6,0.022121662039
ck_fd242b18575e3063,0.019529274635
ck_95188150ff059c70,0.027276326948
ck_a9ca2f447b984a6a,0.010054083801
ck_2dd39723c4088b64,0.005149734317
ck_aa2b4c662ff213b6,0.019164816439
ck_1867b1199c864db5,0.029374409430
ck_850ec97a5a0dab9a,0.577211837493
ck_562320295fa35875,0.010341767544
ck_bab5759b07fe2bea,0.006276722437
ck_b9f1465d803e57b2,0.047526133332
ck_8f21f2690c32c691,0.080261596641
ck_df87d6f61a63eb21,0.007122172243
ck_770475876d0e7e6a,0.015075317097
ck_b4c014d5c0cc9eb2,0.009460567751
ck_3add4d23124c9290,0.021759037409
ck_bce5b7fecfb6264d,0.238109794784
ck_604c17cb97dc89be,0.060413175442
ck_e52cbcd9aafd26b2,0.003060756962
ck_0ac9114076f5bf3d,0.010185608282
ck_dcc125b178b79566,0.001868356826
ck_4e333c09f0c37dee,0.022922586522
ck_ff7e31ff8ba731e5,0.006897011713
ck_8d0532d24f1070d1,0.003820365193
ck_3689fa41748a6f6b,0.065868003129
ck_7509eb97c1948b16,0.043427003633
ck_a9161cf1ca22a6bf,0.003472426653
ck_bed3e3db135b782e,0.008880487431
ck_9040edd974ef8e3f,0.782546310800
ck_fac32d76ed40f683,0.008692000507
ck_3d7b1078e2d57c69,0.002367806994
ck_dae09c4e074af5dd,0.142632703362
ck_fd84507228467b40,0.036881155813
ck_e2a2ce9b8cf44c63,0.005349989155
ck_cbe716f351d660d4,0.012900066188
ck_cba4162ef29a6d27,0.005202604550
ck_4f1e962ff8a29732,0.004022676861
ck_39a81899dded61e4,0.004713455185
ck_25382331551d22a5,0.027646936454
ck_6d64e1c07b19856e,0.002949421155
ck_165a868bdef28ad3,0.043429660336
ck_88774ae52e30e877,0.013175838087
ck_fc7a9d0643570053,0.003341490401
ck_c2017120b3b88a46,0.107252227032
ck_d115ac6b9fd62a7e,0.006562989062
ck_439cf7d51ec7de0f,0.006363904239
ck_2468a7e9e68a0927,0.002368494054
ck_7c418947124dee8f,0.081995689104
ck_fb0cf32c4a56f740,0.025081362453
ck_694eb6c43193afd4,0.018024991216
ck_993beb188dd4abb6,0.043848815376
ck_77fa39d3b733c226,0.078261944137
ck_49969a9abc47cb69,0.016223174225
ck_d3f44bbe2f7e9b2d,0.019733280404
ck_fcf5b8216d0c18ef,0.001218740210
ck_daefe1e2d2bc362d,0.009539680464
ck_9c9287cb28950eb6,0.014764116275
ck_c1d1a625b885a975,0.032570417577
ck_71b37fe47490b4ba,0.005201043028
ck_5d16e257c0635f7e,0.331495578680
ck_15918075563eb074,0.007701846711
ck_9a15fdefc47e8d11,0.041626900220
ck_6f04d047d1dde75e,0.002478879216
ck_1af2c0b3b8d202c1,0.004191177716
ck_174be2231c5fd2b6,0.002014518084
ck_bb0713a2a1d65982,0.015264325127
ck_0daec63bd5b0729d,0.033665428851
ck_c0b5cc3e8ad2ff44,0.053922457906
ck_35bee1fc12664644,0.356903614031
ck_a1c7cf63467df4c2,0.004870429515
ck_ecb1e15f0b185ceb,0.016594448035
ck_f280d31f54a4710a,0.064520411352
ck_30f4b2ee8abe1342,0.029967369438
ck_66bed631354de5b7,0.008575159976
ck_c2d3ecd7278eba2c,0.004524272036
ck_e901dec0e09eccbb,0.010252150153
ck_5d038ecb3c8748a3,0.006423579784
ck_283c5bea94b21e80,0.004012137013
ck_7956c251b85f009e,0.111450193764
ck_9f5f81d771146aa1,0.001398924396
ck_9323e6fc1e168eda,0.242911210122
ck_10495d3a635b8d69,0.046451302897
ck_1982d571cd36eb0c,0.010899620679
ck_4f5d7985bcc2eda4,0.004749268085
ck_7df526b2b4410bb4,0.049724184116
ck_dbb498b1a346a402,0.004880689625
ck_ef059997563e3330,0.006196179552
ck_02ec4e06709e6b82,0.005813936641
ck_9782c86ba6485f88,0.003529052812
ck_d69de468b44143ca,0.003228130867
ck_6430a8792f400e0a,0.002764253508
ck_8285bd3c90af94f6,0.008536502814
ck_985c9ca112000e9a,0.018187774534
ck_e679fbf4f4f4aa07,0.016936635532
ck_016e8c8eaf9d511b,0.037763238855
ck_bc996c523944644b,0.023529967914
ck_5b8315726f6204e0,0.006333053442
ck_78181f8e998e442f,0.001188888686
ck_71c68dfd011dbbbe,0.695824991345
ck_db32c95ce2b6f502,0.920176853268
ck_755010362a9b1bc4,0.002180744613
ck_114141d85256c9ff,0.001870682950
ck_9d1a5cf5a3b87e48,0.021767899934
ck_ab640420858ab5c4,0.133162949971
ck_97a8dac48dd62488,0.186299434894
ck_879cc3166fe1bada,0.001512180137
ck_b0ed11080076e381,0.005541081357
ck_7334a9ec656263b2,0.013623468512
ck_6494f0ef13ce44d9,0.004830021001
ck_724e459b9ece38f4,0.052023444918
ck_7fd8b1470401695f,0.333121130007
ck_292f81186358b0fa,0.008277309811
ck_fa7de64d37287615,0.028775146994
ck_d00e09e66ed6458b,0.076939884782
ck_b8d210e741be186e,0.001776140054
ck_3db59982cbae4410,0.017678053450
ck_69887d0a9aaca6df,0.007350433897
ck_4feb21e2fb0b3977,0.009811040884
ck_08c6cc1e143475e3,0.013559162172
ck_fe6e168cdbb46b9a,0.062716637262
ck_07f1734be7fac56a,0.043025645524
ck_d66d59981307db93,0.030663316865
ck_f928dba0d587d7c1,0.012864614578
ck_786448fe3004cbd0,0.004156797212
ck_29ea329fa40ace62,0.017845678354
ck_7ea52b6f27edcb73,0.024842686085
ck_18bc51bbf3ef198e,0.038202149209
ck_44950df09ff14ded,0.003660519043
ck_c1466b52c0a10b93,0.015455327003
ck_6cdac067cc4db5c5,0.103415590453
ck_53f55c6e8cf2d432,0.009646941876
ck_95945f48453ca532,0.027161514010
ck_87cce4126e215153,0.010671500968
ck_1ecd5516c92caa4f,0.003471177567
ck_819b482bca14c068,0.200545019161
ck_a61a879dd46fc9f2,0.016694126555
ck_af70aa32c009c3c9,0.007070065873
ck_f4fe78e249092ab1,0.037495731611
ck_12c46bc52bf45b36,0.033836253591
ck_f05f5e4b40afa52f,0.071483823870
ck_0f8cb09d3f4fc980,0.131019574922
ck_80a64a7f0275a71d,0.007082205859
ck_683af7b1540a0b22,0.009603932135
ck_51fe0b613c076cbe,0.013746513879
ck_da1a2450219dcf19,0.012918802105
ck_2a7eba01ceba6c2c,0.019259178152
ck_4e329e29dfa743ea,0.522594791112
ck_0274d881d6db82c8,0.005863805311
ck_0af5b7d128035b35,0.003060658414
ck_ae0a7be6b0a0ea68,0.009132698431
ck_de5bb7a4d091386d,0.398470277337
ck_2bb7c17168a9d17d,0.115373543764
ck_0ffdff7b2f5fdfe4,0.006636452348
ck_718a8390b3d42d7d,0.007519116312
ck_7c4f12d70f184533,0.001945145937
ck_d3e2c26b8adff099,0.017395473033
ck_ac9d3d9754104cf0,0.004195877819
ck_3b1766a1d51f8f0e,0.154470848444
ck_a9bf75bea912027b,0.180899349533
ck_687eab3ffe1f8cfa,0.021650351143
ck_25dd0b02af5b2f37,0.072129834215
ck_1747fcc466f0ae38,0.004327316211
ck_f6e9d14dfb6f3c28,0.037149400134
ck_c6a7bbd0adc4d5f3,0.035093609851
ck_46656a23f4456d22,0.345994119532
ck_7519260415c2998e,0.027478949994
ck_754f30ea19df857c,0.020603306137
ck_ba88a244d5f7380f,0.017938416674
ck_f268416945316815,0.010032447532
ck_21860dd2159dff28,0.007434585751
ck_7a86ef4e2beaec38,0.002824054644
ck_0414507baeea936a,0.018062781276
ck_60796eb60fc3043e,0.010978536745
ck_1e0841ed17fe0562,0.008280045215
ck_0d641d32658d6e0f,0.018428096525
ck_b36086ae6d87eec1,0.004128661035
ck_962e65ab33b5c311,0.845404446021
ck_b046a42684468e63,0.009052938041
ck_ab3426435b0017d6,0.043490285305
ck_fcfe06e44d09a344,0.003126327955
ck_0f6d916c92189516,0.012203886143
ck_d4c8f0d957c3965d,0.043024528539
ck_2ca83dbd728af019,0.004443890792
ck_2857a4ce9f72fbfa,0.003837334565
ck_a60e6edc48e3d0ac,0.272043209224
ck_0cbd3b27063d4415,0.109341762309
ck_612089ec90c37219,0.005760590372
ck_ec4e597f17f473c6,0.009009842773
ck_1c93cc58f314bf71,0.034306380541
ck_2b359a979520276e,0.006927299849
ck_1496568ddc3b2d56,0.014447405010
ck_41d91dc9f5063566,0.021473956986
ck_4c5ff58afe3d7a67,0.004646523168
ck_81709736281fa3eb,0.008228206640
ck_d89abbab3d4957aa,0.003875773737
ck_52453401f88935da,0.010385026076
ck_a477654d34783e06,0.010790509276
ck_72dd0dbdf808cb00,0.049385815279
ck_c183dff3781746cb,0.143890669033
ck_c8b7f241810b45e5,0.004323874990
ck_f88028c3f306bc70,0.021416527256
ck_91d48d69e4f5d9c2,0.003352779703
ck_b74b9ba6d7c9aab7,0.071623715046
ck_03e904682dc73bba,0.005585954630
ck_fc6fed6ea96a004a,0.005810039979
ck_51efdd240e34c642,0.049498773429
ck_e78ab4ff52b5fd2d,0.004018408088
ck_4af7b97c24d89a45,0.029881649279
ck_295c0072eca7f7a2,0.003876851040
ck_8abd1a50a9227463,0.036472378055
ck_ecaa6f13304e3dc5,0.004483156799
ck_de436e7b319be1fa,0.997304418547
ck_c802cf8f61466027,0.002029729258
ck_3d83e0a3c1cfbf8b,0.014183738975
ck_28d2003c2d16e4b6,0.005159966053
ck_8ddaf745bbb9cd62,0.001934021652
ck_493b6256091014cd,0.028589517537
ck_a2245822cfea997d,0.015508603710
ck_f7305b3c64cf8a03,0.028882475923
ck_9937dad93a0ed3c1,0.021900403152
ck_d654449f9231ad76,0.003925664418
ck_850e2b59bc535490,0.011944468024
ck_e55e5bdfc0242aef,0.031802513006
ck_d35c51e981b98c5c,0.005929394827
ck_27cdf9c5e6f0915b,0.010261018746
ck_d328db1e1052d820,0.007328168204
ck_0ea30eff5f361cba,0.034399498171
ck_9994323f97109f4b,0.971799570089
ck_09054e97bdf9624e,0.003950184001
ck_723b4afc388113c8,0.013525225339
ck_588f6e6a6a6d93e8,0.008501681928
ck_e1d563fab4d6116a,0.154429794460
ck_53aca610e20598bc,0.015783797407
ck_c8131ddc7ed33448,0.012751233340
ck_899f88464305824a,0.011423288703
ck_1c17c65804f8889e,0.005251865427
ck_45a16ce12893cf9b,0.007614080578
ck_f9d481aa4f9b2808,0.852597288427
ck_1d5d74169cf892ef,0.029749108688
ck_aba32acb61c1aaca,0.036326541759
ck_ec4dd3675a8d28cc,0.005249115590
ck_5dcd443fe0bbdeac,0.006431480050
ck_3a47e3f54475e854,0.002187217189
ck_a9aa5c344c315532,0.024197178050
ck_9652283c9f61fcec,0.003508722129
ck_752dd3d2487f78ea,0.006548605001
ck_a821980ac4db9943,0.316225922742
ck_93e0d6befb67f7a1,0.033246985636
ck_e7a3881c3e36bd51,0.065334110030
ck_12631b78f8a03df2,0.003497797877
ck_57b8226610b48854,0.063142935338
ck_352657008983fd4b,0.022605707033
ck_0841a5c24fd3dd28,0.017086831042
ck_db9b9d5d30f74070,0.501774226275
ck_a9dded7f6294e44f,0.026207692294
ck_91a16336ce3217dc,0.032258743790
ck_371bd9388b287677,0.001386107817
ck_f285e5e1912a7c62,0.011101238613
ck_368b65fca69fc415,0.080265695716
ck_d27a73596b6500c2,0.012447951201
ck_2d963f9b2c4d11e1,0.032989634763
ck_7c500e219af39486,0.012150542718
ck_7d025dea5951cba7,0.005242387536
ck_32f632706608859e,0.004853647401
ck_53816231f3ffb48d,0.011666527871
ck_9dbe184e81c1ca8d,0.179126802271
ck_d74123617f22a21e,0.010235754240
ck_275386782b1606f8,0.002087669225
ck_0b0e79d33e50cba5,0.012049029958
ck_ba93cb604f792915,0.026262105199
ck_a86cd653472eccbc,0.013378996516
ck_87771861e0447210,0.301004942332
ck_212380e0371d8a6d,0.007715303322
ck_ef0d702d7b0ed745,0.008112906305
ck_2b8f33e22f939372,0.353893660639
ck_480347ad92037105,0.022786913692
ck_20124c3a16c53ce4,0.010252208079
ck_c9e1e3229baae708,0.010039581108
ck_b1befe967f7a5ebf,0.030086131990
ck_4672167d7c989bbf,0.056677103434
ck_f0c44ee5e3a42e3d,0.033917121233
ck_c416357d20238a4e,0.116835551918
ck_d0f470f8078c91df,0.017881775340
ck_3a70b4ee59084715,0.030720510290
ck_179ed66cdfc1ce27,0.009872869348
ck_387e5a7f163c7837,0.023596714826
ck_08fb463e69f647c8,0.987409330894
ck_732f725747393ec8,0.012022634487
ck_7cc5e0fa3ca5a713,0.004740518045
ck_ad4a4daa826ac68b,0.060146955572
ck_472e0be7a3b533bb,0.008238296403
ck_7190177963eafdd9,0.008416312584
ck_647ac26c5900f082,0.007798502937
ck_272ae2179bbd8e58,0.004066930633
ck_09b0d8af304646bd,0.005283926674
ck_ca0cc8ea9f344408,0.014390556926
ck_332ad134fb909869,0.006498388449
ck_fca2798914627dc8,0.071457328906
ck_4450b55f462ae134,0.002268852623
ck_d67d9dfb60b286b9,0.005179685660
ck_a9d2bb4f2bde7052,0.003690977668
ck_929bcae878a3ecb3,0.047027198035
ck_59a9e000fa275e1f,0.011271614634
ck_57f17254e2688637,0.030437373431
ck_0508908697f60ce3,0.249448363768
ck_946afc2943298d26,0.003158105407
ck_7176d12b18f2cc0e,0.020052375331
ck_5c47b49c26cce286,0.043489042933
ck_b6a2bdb2d335e1d0,0.992390259122
ck_1d58f6caaa4d012c,0.011023105277
ck_71c917295020ccc7,0.007230683690
ck_bc89644ae3688995,0.036323918818
ck_e7c212f16d6df272,0.015618352892
ck_c6d2e11a368184e6,0.002897416025
ck_eed7f1f7548df15b,0.043120606343
ck_75b69034000ca7bb,0.020457167273
ck_38da3bf629458682,0.005483347068
ck_90114c891239d821,0.004248426938
ck_8ee08f6777cc155b,0.027938255434
ck_bd86132499defcd0,0.009321089587
ck_b95fbf2b5640aa82,0.003086276001
ck_c530235393360e3b,0.009426472974
ck_be52a7ec43241ba4,0.072080089486
ck_d96eb3cc55f2772f,0.011386483279
ck_dd34f0a844fb115d,0.043971903219
ck_17cc7b411f448e66,0.017869314010
ck_856ea65fa27d06dd,0.017988092928
ck_056d5f0301c30902,0.034451481488
ck_e662b14b2bab23a2,0.161309793892
ck_209f574c8d92274e,0.007989467646
ck_62720b81617896cc,0.006904826539
ck_041614694b77e599,0.008367575288
ck_461e3f7b97db8d16,0.022903738891
ck_1b74b798eebeabdc,0.009003207401
ck_0ed2739384f1d644,0.005369024444
ck_5a4d19f1b83feeb8,0.001902974570
ck_463937167965a1f8,0.023103270378
ck_9d7151dbdf100e0e,0.044250219645
ck_20a7d1ce6cc27312,0.003455821248
ck_6031211ff118cf0f,0.003029413304
ck_a6fc92aa91e99b77,0.875613845994
ck_0aaaa9d2f75a0518,0.032152998013
ck_ec26e327cc1848b2,0.010311234656
ck_0e6bebf8ae9b9b03,0.023610934851
ck_e107537a4cb738f4,0.005448841674
ck_e8ea56e122a5a487,0.061638512646
ck_98149ed45d38c4d3,0.019655971790
ck_0e719b3a6906b8f1,0.001354781348
ck_0c6e7bd357e4a348,0.003530992251
ck_d3b2b250da61db19,0.944810197248
ck_8bb6b0a292754576,0.178476200835
ck_87d70f5fe48a6128,0.007230737802
ck_ea9edf9c107d429f,0.058628931118
ck_059806c52cebe4f1,0.215068268594
ck_a72d6df666e1c21c,0.005815882106
ck_1d2b80ab6c4944b9,0.006583110721
ck_60557f077abc42ca,0.057221098246
ck_e5f5cb7dd6ce4a37,0.025159200222
ck_4c4a939154446053,0.015181043339
ck_50ede3eb561a202c,0.014882431286
ck_6d03a542922b2ae8,0.006621259647
ck_d6fe761ed0db3270,0.010964005077
ck_7f0cd6ea3096f985,0.017317644022
ck_23edb6d938a3b87b,0.017912076300
ck_799aaf9f2b9ef621,0.005965789610
ck_f8f6a03613b6dda8,0.020206498829
ck_7cffb189f4f514ec,0.943645830104
ck_c081e1967dcd811f,0.027366228203
ck_583d6ca78c97d91e,0.324461954690
ck_9332bbc7125219a7,0.007625379840
ck_956b5af6d7d86c65,0.895186801514
ck_2d634e3f24681c0f,0.020038643055
ck_7b35d218ed0c5a60,0.007381036445
ck_ca5b1057f8248f73,0.028926877507
ck_ec5ea81cf813597c,0.003315832330
ck_eaebaf4d28400fb8,0.016801485337
ck_ae2ab6be219219aa,0.002232367713
ck_d99a8b4c820eb46b,0.014757530344
ck_bcfb7ffb7cd428bd,0.016522089641
ck_3dd542c2d31be2c0,0.010112162609
ck_c7dd84401e29a7fc,0.014181727887
ck_c4bcc7cefd40f8e2,0.004816149801
ck_c251898b5d51e3b0,0.002160915377
ck_36d37be780c1291c,0.001011218749
ck_99b4f266b61ae7ee,0.018442752367
ck_c37f03995f0f0169,0.002273612646
ck_65a23ac8e44eb901,0.010214327999
ck_644b1c1149eea9e0,0.023751464717
ck_9cf44eb0237c2429,0.010426674037
ck_20541686a94fb71c,0.033427566931
ck_c18245be844680f3,0.014662408398
ck_56de216eda6b7fa6,0.002460426326
ck_406c4442dee45cd1,0.002387638072
ck_df1585c7d72a96e0,0.004896278633
ck_b8e8dba20676d87b,0.023831627551
ck_0ee6965e68efc177,0.016070226756
ck_c2a5c54ad8d0d297,0.011804022849
ck_bf6fb7e6470e95cb,0.001608945389
ck_27fa694569140345,0.004050814325
ck_e04166b0ce66393a,0.006703321532
ck_8742114f4f0cb22c,0.121320889827
ck_6eceeafd56b42576,0.147673908588
ck_34f9951b0eca1965,0.022170857320
ck_384ccecd342a24ad,0.009808157204
ck_49c98bebd1338879,0.004016545864
ck_6c26c12071c91ff6,0.008753381153
ck_01e5986ebb9a78f1,0.028014610580
ck_121db7ba3be29ee8,0.033798269240
ck_039e6d5a330cea1a,0.011292600873
ck_ae8c9163cf957d7e,0.033924596500
ck_3f5e8f3f1df0c8c7,0.100075712559
ck_b1c51fdafcd80122,0.024381492816
ck_12e2b5ebfe8986b2,0.006567880016
ck_d55eb81a4d543c59,0.026443838513
ck_f85155ca5c312c7b,0.008281427892
ck_133d8a1ac7c0e301,0.974176068268
ck_04212a9bb9b28696,0.997954753425
ck_4cc11c7d3ca61f73,0.013645260833
ck_2df4854186ec515b,0.016998319780
ck_aa9b28e7fc43af79,0.052269863783
ck_47cad6c3def4c9e4,0.011869701190
ck_fbff7b5da8111567,0.005859798381
ck_bd25ea782e375b22,0.047012154301
ck_7989376f8cf64a9d,0.006756155188
ck_675c0ca1ebb1051c,0.003220570161
ck_1436f6e11d4008f9,0.012756579104
ck_812cb3a4482cc618,0.003650863305
ck_6e606f73a1094afd,0.006448768030
ck_1b708e2a4a0584dd,0.006617199939
ck_a60d6b324bae0330,0.018660913069
ck_706a4f673a9fda3b,0.088935078298
ck_a75ece9a9044eed0,0.007884423069
ck_9aa45c4e03c8c57a,0.027310494509
ck_9fe9bdce982b312c,0.050219823052
ck_c6fbdc5ba68a8466,0.020511328087
ck_ed0cc1b1c28f9511,0.057684895542
ck_a4e2607b4c8021e8,0.006581390261
ck_e02f93f51cc8caf3,0.019792324834
ck_7084ed3cf20781b7,0.034527279315
ck_cd4c63155570d6ea,0.007716086163
ck_d1b9e5d32d2d789f,0.012596666206
ck_68f56f6560a7a933,0.002204667621
ck_8bedacc6233c6269,0.019773999901
ck_ab7cb50407d6b13e,0.008927685090
ck_f17ed7e0fd687742,0.039817986221
ck_b0fe4b92fc70f72c,0.007368819742
ck_84d62b8196da2452,0.012724885831
ck_9e298cae167f4693,0.002079807278
ck_405b20ef9ad0ba5f,0.118434766897
ck_813e02e1ababd177,0.020964915668
ck_f234ab47061ba7c0,0.009046518480
ck_22b587c18363899a,0.003010036083
ck_4e862c2f48c38aeb,0.013248018941
ck_b89cb90a420c9075,0.011874633468
ck_be2251640f27a3c9,0.177508928685
ck_46bec0bff167ed3f,0.018260576499
ck_c0032232c2868328,0.003441966183
ck_030cf09525dba4ba,0.010656697769
ck_6ecf56236789fc09,0.981478629542
ck_38d4ed52cbe6d123,0.023314188013
ck_2d923d957ffd4d53,0.013314741755
ck_3af1eb88728ed8c7,0.023198680048
ck_2f8120ca80a1592c,0.028278057399
ck_6cabb1a133f0b151,0.008817706308
ck_bb6cf7e7b707731d,0.577309021443
ck_c8307fecafa90140,0.008163991244
ck_75f968be67f46d24,0.020773261019
ck_df6fe4ec5a233213,0.017704371434
ck_b53e88c0e927d896,0.001986018586
ck_f0093064aa28f4d0,0.034784889574
ck_ec9976cabc63ff92,0.042426002930
ck_30dac0a58c5590cb,0.029547659733
ck_348a525791ae6475,0.054845145988
ck_b898d912d1181ef9,0.008582174934
ck_f5b1200dc6f95760,0.026804383030
ck_54978a073e7a0b1a,0.005253182759
ck_55933936536a4071,0.023208057342
ck_d6ba7ffd2ae08863,0.009205391833
ck_404e2217fd87fdd2,0.010109522881
ck_dfaafdaefa5716b6,0.055357181419
ck_556c62e92d4e7e5b,0.049267328654
ck_7ce44f4e06d58111,0.094903164696
ck_465cb8ce232c7670,0.020496313886
ck_237508ca4fb37268,0.018297862427
ck_ba4a6b9aa63964ef,0.017997181167
ck_4802a0a7a1882c88,0.035515697662
ck_9478dfe4114c30f6,0.006086796292
ck_5138f6c575dec64c,0.004111058497
ck_aebb42afe430e2e9,0.001978366386
ck_004efa95555437e9,0.004482339355
ck_11af112667c98394,0.005975485418
ck_44e9a18a8645c9d3,0.038302107866
ck_2605fd571219e28d,0.004453252082
ck_dfc933493561d84f,0.003955908272
ck_67674348e68d1f25,0.021145652017
ck_dd97429277a2fa00,0.043008631644
ck_d3eab7a06eb48348,0.016263467122
ck_0b9fcff9667ec05a,0.019197399649
ck_fc4bfd6e739bddea,0.003616559601
ck_43292f70a03ddf2b,0.011546958814
ck_5ff6108056a3fef5,0.037126090715
ck_767e0be086b5f601,0.033826880858
ck_b8465b1a5666155b,0.015392735003
ck_ab2e3fc56f5b3aae,0.007211850036
ck_1833c81d693c1e07,0.759614589920
ck_0308e0602b856445,0.013954088972
ck_ccbdfe744acff8bb,0.013573358086
ck_b294aa27a0b586d7,0.011453740082
ck_a3747201f377626d,0.914845760299
ck_edde1d7d1db24725,0.039100177978
ck_ae3b47d6e1063704,0.010066138558
ck_3aabf5e0f4defb41,0.012372493594
ck_f034adb57391f3d7,0.138255827155
ck_533672fb40531607,0.024717813383
ck_2a244f1ae08ef83c,0.018355795500
ck_a35d81bcc54ece2f,0.016366717736
ck_78a61215675b38f0,0.007218309006
ck_e013d88ea7939616,0.004657113861
ck_e5018f9418e0102e,0.026097455141
ck_d4e024fcda401a31,0.021810656932
ck_f736cffbdb82db34,0.000892321437
ck_1507f5aa50cdf3a0,0.004943645065
ck_18270fee7c8fcee8,0.001158126224
ck_95ffa1a805a1c9d1,0.011571658291
ck_11132d245b94d045,0.017720722108
ck_7b93a622e40d8b14,0.029772680303
ck_3854c08d17704347,0.015894008209
ck_7717fcb100dc4b5f,0.013605002328
ck_ba54e0a1c328119b,0.671306057642
ck_a7afdac4ecbf2de4,0.236071961366
ck_ecfb771ed2352085,0.020329836105
ck_68be4fefc85a6b64,0.216725045047
ck_dac7c50bd6d0148f,0.026851495134
ck_87cf36a03bd63c24,0.083492636499
ck_8adb40b168b59d7c,0.021975515630
ck_8d2f62930777416b,0.022149408774
ck_9958b58da9e3c21c,0.007755907042
ck_9440335375701f44,0.007723271892
ck_e2f88e202b6f700a,0.020338447550
ck_4c7c50684827a2cf,0.011902150896
ck_8a6ea4a79b1c7a8e,0.004667208337
ck_186dbff4b24a3bbf,0.226141318805
ck_220fda3c11c59b6c,0.157484503898
ck_3acccc69f8b1fd14,0.008840916190
ck_9de191bf79afd676,0.016103344778
ck_6de6b1663f9457f4,0.006402490682
ck_062754f8b79b86e5,0.009561132874
ck_aa153a89a52f7eb5,0.013701990597
ck_34a6bd3be642f15c,0.023023513717
ck_9371c700d9830326,0.019042069830
ck_a99e0c258ad7576b,0.005816565099
ck_0a7ba51d626e932a,0.016442753820
ck_852c50bbba1ead13,0.185052501210
ck_43dc13b6b6d31297,0.141335342313
ck_7d81b59d615a6649,0.019790608551
ck_39a3f1da060e88bf,0.004845724804
ck_6fb2d142c09ed3ed,0.019802749055
ck_6e5752b87324b58c,0.053088872080
ck_9441d48a12e8a4bf,0.096320965702
ck_09e9c51eb538b255,0.073424383788
ck_8d0cd981ed3a183a,0.007192482947
ck_57c07c45269ca8c0,0.006232841706
ck_ccfc9ab888ba933d,0.209704760258
ck_9658a6ef471053f0,0.019684676434
ck_dac3852758f4ea89,0.013644774713
ck_b1ed2278f5f14d82,0.022508910928
ck_333544d173524f70,0.085144516183
ck_fd4582e3853ef23f,0.020694832142
ck_614d936cef98db04,0.005707929562
ck_6bc351a3d57aac54,0.005509211243
ck_af5842fa7202ff25,0.006193028930
ck_81307759252571be,0.009402505366
ck_b4d2f02d2cd45720,0.232139188918
ck_1bd753a4681946c8,0.965852224938
ck_46d8c029d46867b2,0.026124603069
ck_b7da6640fa2f49cf,0.160904732875
ck_9ea3d5a5a91fef9f,0.041686177506
ck_7b922518f667f76a,0.001082862406
ck_2a5b31594206eb30,0.561661115292
ck_d9506476ad3f9e08,0.011865453785
ck_c8791f7ebd4d93c7,0.027202216656
ck_b5a3e20fd210017d,0.009395167318
ck_8e54386f4fe22cad,0.008806816819
ck_75296704f5806f56,0.013308313105
ck_0fbbc7a6af300368,0.007174641026
ck_d19bf4dc0627113d,0.009179222356
ck_7951bd4eb99a0175,0.010203965271
ck_059e4fac6b7f704e,0.002142441885
ck_2ce8931af02a2ce3,0.003448273936
ck_9e665618a4860306,0.018779712624
ck_6fce5a893613fd2c,0.001087649706
ck_9e3fbd04e3532f32,0.158463536312
ck_55f2ef0de3420e3e,0.099993911199
ck_8d87658a6f5d204c,0.485678735117
ck_6d6ac1f5dd882aa5,0.001088307259
ck_55d0c7012d7ef236,0.033844021720
ck_7738eb085e5753d6,0.001845095737
ck_0e6e05c3cc8c8242,0.016583414676
ck_8d27ff8383d48132,0.011574149090
ck_9afc3bb849f3a64d,0.014155077959
ck_27eb86a9898cdfe3,0.029796463027
ck_1d40e4fc541abe93,0.069368861832
ck_4fd9dc00e1913587,0.996838318777
ck_b26cdb2b7b165d2e,0.057339827402
ck_a79a27767a02e31f,0.022633155991
ck_f0c18cb9f951a71e,0.017056529351
ck_50460e0189de6274,0.941546474707
ck_5e5280539257c986,0.003414338027
ck_eeb854318b3a6f0a,0.006502539533
ck_943f66f28dd24750,0.005814460475
ck_984dd7452aee372d,0.147891970542
ck_ecaa6de0aca5e9a0,0.025468607149
ck_8f1cbc432e2774f8,0.038235957948
ck_d91d9f8445b9769a,0.551518389611
ck_73c18e03e3c7612e,0.010608945270
ck_aded05ada490da20,0.005427208308
ck_f744e208183971f8,0.006517294129
ck_02d4cef6358ad3b7,0.009072171640
ck_08ff5bd467226a5f,0.004049644205
ck_f824b326d5089885,0.101175286020
ck_3420f2fd520890f3,0.055364493815
ck_1838cf8d00f5b1e1,0.003401777525
ck_a85182ad90b6f1e1,0.003003726156
ck_fecb39c82c43e76d,0.004049146883
ck_162513e73782929f,0.018233492100
ck_2c27b77c59d8f23b,0.185343538520
ck_4221e07b17388fd3,0.066519951394
ck_adfb8472d5c3d669,0.027787707398
ck_0742fe64055d686f,0.009231674849
ck_5060aefcc8b6f958,0.003518300216
ck_643f549b4ac78a26,0.118976516280
ck_dba767885bd6ad69,0.003947449722
ck_0dda35c0c64c7073,0.995493495190
ck_38ea56d43afa5660,0.015955738978
ck_d813e15ac91f487c,0.116070111458
ck_4c840e5585a7b167,0.089041325124
ck_cb8551453a7bb929,0.031233910134
ck_05a00b1dd5a03359,0.002355347311
ck_837cc7fd48453a01,0.016503644082
ck_49dd816b31fba6b6,0.136048725593
ck_86a61d9a39768e87,0.009152685360
ck_cd0e76f0e7bb38cc,0.008072638108
ck_dbe58392635133ca,0.030321522617
ck_3caec7dd6f8d02c9,0.074030572469
ck_bfd9bfc5b6ab4a54,0.007285543711
ck_2103399bdb2898a6,0.002604644980
ck_329f7de7279e74c5,0.002905524970
ck_9bf0d28119fc42c8,0.014363707773
ck_f781539b1042dc83,0.013357787892
ck_9986c7d781ac6b4e,0.003929780084
ck_a627734880aca848,0.003556573715
ck_2106e509d77fdb4a,0.316386720044
ck_420d1a9c604293ce,0.010662586694
ck_fce0610c527e2b56,0.022179203406
ck_073da541ec3f9d3d,0.013735490457
ck_aa5f3ab48c17fed8,0.199293705721
ck_0fc1086e1c9e04b6,0.004412538037
ck_5c33bb46c1a5945b,0.012964736614
ck_500948a8d4bd8e13,0.010967994892
ck_19becd44f2c3d2b5,0.026829212039
ck_7d0fe77dd5ddb656,0.028993637956
ck_f158d9e5f101bb35,0.018523769908
ck_cdd7c77823c2257f,0.041498407793
ck_6c7b41374f9b2e55,0.006368403953
ck_417090dbffb1a63c,0.013735936986
ck_dd0e17605f970319,0.004266954633
ck_3646515079e6be55,0.007954835319
ck_89c8b06aa8c84b2d,0.066702379894
ck_e4d6dedd97233c07,0.018300609990
ck_bc82fb1895fddde5,0.013785068408
ck_88a8b1d442ca3686,0.014351395732
ck_5791f8f76a629a4f,0.073514254638
ck_9cf5e88e97c8c7ea,0.040360427486
ck_58fd684aa5a6f289,0.001152496048
ck_9800c21dfbd8e811,0.016309086948
ck_8ae64df60ab6ccda,0.054447832029
ck_e535fb0f0c00418d,0.119767779965
ck_48011996d54855ac,0.037880105634
ck_ac79c72a8fe3fdef,0.056810300090
ck_b8cc2df5192bc49b,0.018269353551
ck_e96a5e1f08f8a867,0.001113791270
ck_84df6770549e43fa,0.003525089230
ck_e5f7b99ba6ec5767,0.019109051997
ck_8347455ab53ff620,0.003093073741
ck_a84f2cdf695a71d6,0.003733742284
ck_90456160115f9ef4,0.005680837121
ck_ebd178b3f3a9c50c,0.029219114654
ck_e1140be6157bacbe,0.011529148773
ck_744ffc11d32b96bc,0.020237255535
ck_e12a9f7d027e3387,0.001491979483
ck_cbe525da0b69f18a,0.018123781209
ck_aa59702537557ff1,0.278100616851
ck_0348cc6908f7f3af,0.004892295327
ck_120e995d50956bee,0.014914047960
ck_9fcde1ff46cbbea5,0.002433001409
ck_54b0b070689c50d6,0.003430476170
ck_966a167758fddfd4,0.025488346102
ck_d5194f2e92fd6427,0.009434055273
ck_2ee84f3fa27f2cb8,0.003301101600
ck_57d0a7eb7eae2eaf,0.032053167984
ck_6a2c4edd82e10969,0.005506668335
ck_96e4d38ef670eaff,0.007723809273
ck_52cc2fd5095b169d,0.022282654229
ck_4b088920f3a844c1,0.035741079797
ck_8f3ccbd20d59f1f4,0.041317357438
ck_e5e5dc431bed6f9d,0.005153710210
ck_e8b5bfa6838e28d1,0.019238838466
ck_4bfeb78b47b7c6a1,0.025182217754
ck_a705c61bd679496f,0.028315201725
ck_731869a0c39cb2fe,0.015887903835
ck_259eb102342057ea,0.011810841571
ck_47a6005fabc33551,0.005091892156
ck_682262b455a9edd4,0.002343288551
ck_e839d104854945f0,0.001372632103
ck_761989aa4c47d746,0.038492947431
ck_44211dc210139ed3,0.080604493610
ck_9915ceedf63a5289,0.212168547475
ck_da59ab47cb6284ad,0.003977052313
ck_e5cdbfcca2456652,0.021896430138
ck_13f2560c6a1ec62f,0.015330763752
ck_a0543e9b3abe1001,0.024801334009
ck_11c7a58e09e6547b,0.027020493006
ck_69587a134d43a4ad,0.037451440374
ck_28dc0de0ae291f37,0.027995844727
ck_298922703c5bbe05,0.018867397464
ck_fa5ba9ed9ed6a343,0.041331408714
ck_c08e64d424e56c05,0.031613498739
ck_598e036a28262aeb,0.070048623728
ck_3f7c870510083a51,0.009768079500
ck_364f8203a3e98d36,0.171316905839
ck_7333cedb61506ead,0.007001194939
ck_1d96d7fd65f208b2,0.023333823172
ck_63133a79f23e2627,0.081438413201
ck_901d820e0b72abae,0.003750161595
ck_5dd80b3c01457bd8,0.010428380816
ck_c0b8067c144ed6c1,0.011476872532
ck_cebb8aa8c8f62c60,0.016440100925
ck_79749eca42ff1f5f,0.008758864966
ck_2cc1d9b587f6da31,0.122290182688
ck_ccc7916b56d42195,0.003960730992
ck_e43e53cc7b8b8e41,0.023573775669
ck_4ab74a6e7450416c,0.016032120520
ck_6e44024e9de301c6,0.002473184329
ck_dd78cb6ae2866cc6,0.017321891675
ck_c363d3b050baf3b8,0.023883930663
ck_2d46291975f0dd08,0.015878613758
ck_76ebeb5aee42f041,0.032522115361
ck_8395f004cf4d4c08,0.002490159701
ck_de7259c3741db179,0.018530038034
ck_3938e92585df2b34,0.007544426957
ck_af69bfcf4f07d932,0.018925509953
ck_1723900ab9afe374,0.142359785470
ck_3d58628d1c853c8a,0.035956892769
ck_12a074db100481cf,0.064747515021
ck_8716cbf892c50e29,0.005424236445
ck_fbf7351958ad9615,0.002923278407
ck_a50370907e6b397c,0.047109179216
ck_937402a60df0821c,0.010233766612
ck_8ce9c5807acbef48,0.011803296934
ck_acf7d65eaaa4c31c,0.009950661245
ck_ec3eb6dd0967cac5,0.028843011467
ck_fc832b0c90c9bdb9,0.787270880233
ck_8129e81cde280131,0.004653954521
ck_52c0ef68aa2fb8cf,0.009735580433
ck_06f042e9b1b662fd,0.045985834620
ck_0bf35dcf7b38f650,0.003777493242
ck_615763afc2e17a7f,0.010519129079
ck_e72db9d4b2fc9997,0.960821121118
ck_13757bf0eeb353e2,0.003011497668
ck_abaf371ec8249c4a,0.131886565501
ck_9b7167da0920c37b,0.029798642330
ck_2e824b0b27494a17,0.043911505390
ck_9a0b605e9c3220c4,0.010438300644
ck_a5276af466b681de,0.001244433197
ck_9e0383e1fb6e214d,0.194022455099
ck_6a27c44b691dbfac,0.010539233765
ck_af39767cf583905b,0.007685027896
ck_243b1b9fdd3f9a74,0.023593358824
ck_c0422e638a9c6046,0.037465111984
ck_e0f3ea3373dfc4aa,0.032264355579
ck_d56ee1654378ffc7,0.027239507105
ck_20cd2f5666719baa,0.002555080132
ck_4dfa1c1e9b69fcc8,0.009317050600
ck_5d22e9ca1d15180b,0.015029218537
ck_f4a7ac178fd55f0e,0.018826515366
ck_fd5609bd23a1eaf8,0.004228227223
ck_49c3bf13dc9471ce,0.010242345617
ck_724085c3452d4693,0.419451645811
ck_e5d1462846154a75,0.067818863576
ck_c69ef0f3e7d6acf9,0.017481862016
ck_a2d0417791d4132d,0.009469602685
ck_00a07fc2a9183c3a,0.002577000599
ck_781b8288e54ba8f8,0.118202319707
ck_d74a62ab3804a81b,0.008019835984
ck_abcbde211b6267f8,0.026614858934
ck_16dbafc035574654,0.002809867870
ck_018f780215ecaf38,0.003777162894
ck_0b259620eac51618,0.002057394336
ck_4f875342394c110f,0.021565654442
ck_399e45e5fe9beaee,0.119576798904
ck_36224a2d394ebfe4,0.035385323513
ck_c189b551bd111332,0.003467976859
ck_125c5a720ecb177a,0.108323412239
ck_76d010aa02eb477a,0.001039436991
ck_1071d14c46c92379,0.373080665952
ck_61d244b2cde483af,0.015426972652
ck_2ff1860da2004c84,0.005758410890
ck_c5b583490198672d,0.002715623100
ck_1294f7af22fade11,0.124774210776
ck_e3a22799716df39d,0.032445321191
ck_c77e22834ef97005,0.414601863828
ck_73d3689728270a2b,0.006820992254
ck_295565fbf77ef885,0.009001330366
ck_80c0a7f54ff4895d,0.002021319022
ck_f1ef5cf7f10b16c8,0.011714542200
ck_a958b2461ffc21a2,0.150808786464
ck_0e7899a57cd617d6,0.005298463926
ck_9d4fed252718f58a,0.008242973531
ck_83c2c34add971d76,0.013667389762
ck_9ccc030ba2de9fb2,0.032148774695
ck_cd691e3466fb3742,0.042888806026
ck_49df70f908dfd069,0.083324837224
ck_362ce13eec1e33a0,0.011634570255
ck_2452a30397dfc54c,0.010979106127
ck_a443d49c2b4863b0,0.008736391287
ck_c8b2e2cb349dd0ff,0.029861750520
ck_354909fecf5da8cf,0.013046737093
ck_841f598bbd54c83f,0.035224445579
ck_cd6fbd4e8724f994,0.047290874369
ck_e0b3158111370118,0.016406558802
ck_4c2f2eb657c2c60e,0.008949558797
ck_ef346071f0b7654b,0.008723065290
ck_f3bc10e3decefce4,0.009164533197
ck_189b6fbe9b9192e7,0.019468380643
ck_5245cbc5ff4d4fa6,0.010861035779
ck_cb42e3be6fe87f60,0.014249594121
ck_966d4d713cbc7792,0.009726364073
ck_1c8c969667cbaab2,0.935869713447
ck_d35e3aa9ef5d405e,0.100958730129
ck_a1c39df50a5873b3,0.021058143573
ck_a152165caf295b51,0.008176672756
ck_891eaedae139828e,0.009482443900
ck_1a46b56f4734d52e,0.096095830141
ck_5e36042cfad96c99,0.224174290736
ck_02a8582c2603e675,0.007636305027
ck_6def9d0429e4ed4b,0.006741043260
ck_e137400825a1e3e6,0.008412950945
ck_d91ab840848a54fc,0.031151932178
ck_becb6e1c608e0078,0.004289751434
ck_6fd8c86ac719d7eb,0.198225134777
ck_3ed4d13f12fd9d0e,0.029525755922
ck_007337aa99a4891e,0.003016590930
ck_60c3d8306527a08d,0.004520422035
ck_95458880a54df0b1,0.166124795851
ck_b48cd8593533fc1d,0.317379142205
ck_021c6a4a7e3f1f0e,0.004694428241
ck_764d40f865e710af,0.006791820665
ck_4b84357ae8ec7777,0.008546383031
ck_3397c7856b4669a5,0.009056573171
ck_920bb003b42e6310,0.001489788014
ck_8f59f11b512d5b7c,0.018480207622
ck_a3acf4b986afa98b,0.059732677723
ck_e89d25ed7bdeeaea,0.018301715323
ck_70e6bca473bf6902,0.001045645078
ck_186161ce152836f5,0.005618691275
ck_9191579254663f5d,0.001670741566
ck_1e6628879e9d653c,0.011377410170
ck_b498fa91a0776ff6,0.018986694308
ck_cfc2384f22954830,0.059713821028
ck_17673a1c2867888a,0.002218125761
ck_523dce06515b072d,0.014329495629
ck_c20638a325ead2e4,0.041436403850
ck_d3877e1f907cc148,0.009297645792
ck_e9a2495dea8675e2,0.019646891540
ck_7e561caa5fa1f3f1,0.026389115420
ck_455672e652fe1abc,0.642893449045
ck_7f8f864fcc90ca82,0.024805454924
ck_1ad36046aaeb816c,0.009026586291
ck_de056e37c82e8e00,0.011699740841
ck_7484c214c889fe7f,0.026096996126
ck_32430e678c4f9f53,0.006572086760
ck_6276ece8f80ea799,0.032466966454
ck_ae8e5dc4b725bc25,0.005256583770
ck_f01be92dc78a2dc7,0.004426381397
ck_233397a8bd40d38d,0.006013379905
ck_f8124911450fdf31,0.581441834227
ck_aa0a3179f1111674,0.004033625269
ck_2366b29ed9887a5e,0.001606220589
ck_1f22f04dfc08cf27,0.002222083042
ck_b62276c3426d680c,0.047806963653
ck_d099fca88691f66f,0.063155733955
ck_166bd1dcbaf4d6fa,0.003036014722
ck_7b1660e942436e12,0.019019135834
ck_4a9a791a1d409a3d,0.055658711248
ck_b003e5b54df65db4,0.017382906378
ck_64b4dcbf436f0b75,0.003880659029
ck_26e9a7bb2061a58e,0.048109085931
ck_08b77ad5f8f73007,0.007505676943
ck_366616a725afc6bd,0.013566737469
ck_934fb5064b6eefe2,0.005480899977
ck_c6abd5d57b1009d2,0.003259046730
ck_edcfa9e1cf29d813,0.032970930903
ck_c30201ebd003fdc7,0.007295336050
ck_c54643d94d3ce355,0.009284998376
ck_02adda6e91e49650,0.006496829948
ck_5b73d7c5255e58a3,0.215614103495
ck_129ffae92dc01408,0.001809558089
ck_fa321945ebedb916,0.041182478637
ck_8da980cb2e1e2bfb,0.048472503792
ck_0576b00d728bdf19,0.039394101572
ck_c543d82e22b3c8a5,0.009911750685
ck_0027ba644f9ae2cd,0.177230357801
ck_8dbf61df902a6bbc,0.008994360772
ck_90eeca1cda79fd41,0.004538973201
ck_86d7127391d4e01f,0.006705452120
ck_73762038c7ff2f6f,0.005396063260
ck_a1484e6215fac651,0.701871046274
ck_cb83b9f806e90dc6,0.187754060825
ck_8c6f059c95872126,0.003112092785
ck_3174419a81e7caf2,0.011620008733
ck_6a0f8f8fa4a3c2bc,0.017097573469
ck_b5777605668bfca1,0.002443006815
ck_27e4de495abb4d15,0.177386246208
ck_7f6fa79c7a107161,0.005545497413
ck_c36ed9f8e6792ea4,0.010071220975
ck_67a1aa88d2ea554a,0.055671871979
ck_09748dfe4df3d540,0.012402224554
ck_27fd85b1e38b675a,0.002807007304
ck_2369689bd795ee10,0.003273602835
ck_4eb1c12f7d092bac,0.001680502038
ck_01fbafc42c8e33f5,0.007609368953
ck_93c4e05699b3b7d0,0.004863941077
ck_afc484d1b6907983,0.005018238104
ck_1b2d9cae92a1aab1,0.084075989706
ck_73b729cb161487f2,0.008587168633
ck_fe3c1d0ac090d960,0.080482385801
ck_408efac1d3885ff8,0.092414622492
ck_ccb4dd9d0a48a76e,0.001987685360
ck_2987eab34ca7805d,0.035037953665
ck_1dbf1f15193197db,0.077592555219
ck_4ed711fe4053e74d,0.244547022623
ck_6c54adce174f45f4,0.002480804449
ck_a6c740041faf0bd5,0.001290360826
ck_b05c4d33c4f43639,0.022453094169
ck_032880f1114dd51c,0.035493203847
ck_22311b037456a76e,0.008486223415
ck_5866b413549765bf,0.003045562054
ck_0e808afe2570ecac,0.012111919320
ck_634276b05f4381f8,0.005291708614
ck_5d8773badd0d4740,0.009331662139
ck_82b5b79ce3517102,0.906773391863
ck_b378b8d8100ee4b1,0.016980734138
ck_54e581f71be5430d,0.006350096988
ck_798ba4b8aa544fea,0.004153670812
ck_3fe86b6331ff95e3,0.050307324359
ck_81275d9d4c559e6f,0.002638430405
ck_99a4e5ef02d89493,0.014541559844
ck_54e2eb018d947790,0.004555922932
ck_966901ea9c77cc02,0.009612588678
ck_27d69ff4e0cb428c,0.119738486295
ck_2cee2dd7bbfc09a0,0.776362456510
ck_4136b00924695ab4,0.000421311796
ck_59a164c40c03a45f,0.003297362132
ck_3e24b026bc66789b,0.001629023546
ck_8105bcf69a75ee47,0.005523830012
ck_7a1782cefe26a456,0.058324224722
ck_970c7dc195161272,0.001446367863
ck_a48ec0c00ae20e82,0.022694974305
ck_54b374ade34e1dc1,0.009002414672
ck_74e5dec189761d14,0.012921017178
ck_4717f24f2c6f40e1,0.043844663030
ck_fc8cd8a8209e802d,0.006977608377
ck_71db4131d7efe218,0.011438905819
ck_45424ea6f0bc4650,0.108643263544
ck_3716c6181a5035bc,0.006529217564
ck_26de14b96bdad4f6,0.013572492683
ck_99c0a41ac9c73857,0.006859756305
ck_645f15bbbcff3b4f,0.993778722769
ck_b7e25ddd41514d4c,0.003914666746
ck_d5c14e877ca7b755,0.041339196552
ck_05ea4440dac6cfad,0.022249716500
ck_c58bafff7b1955cc,0.006043698419
ck_f0cf85b67a9b840f,0.021647684298
ck_ce1500a7f0d03fba,0.001651163066
ck_d4972a775aadbbc8,0.010260232749
ck_3eb6146c262e0fc3,0.003239147988
ck_afb23858a4ef42ed,0.987351464908
ck_2c1def5c91c52a5b,0.222834680797
ck_72e550559487b919,0.004261731224
ck_0284dc2b4f856b3a,0.146911673401
ck_03be334935e999a2,0.022614453630
ck_e35a4b4a3cb4cedf,0.007227523659
ck_5abe57dfff4b735c,0.129810963371
ck_f5f87f772388efa0,0.021039812802
ck_5a22cb36d612236e,0.056583508397
ck_8ff1e6028e764472,0.968247593987
ck_2ab28149b0986642,0.055909986476
ck_c88fc1bac79fa6d3,0.061705813832
ck_5b137d74bba6b1b4,0.009321551038
ck_11f362dca2dfaf5a,0.008106780082
ck_7f960541e5174565,0.010067221765
ck_d5458ba39ae94498,0.027715027777
ck_0a921a73a90c2e39,0.046351027213
ck_6ad56ef40086dbe4,0.005948606003
ck_b68199ecccf2350c,0.005766218195
ck_6dac66c8198c07d8,0.005084385891
ck_9b9ce7bebc235fe8,0.004162713529
ck_6b817117d87063a8,0.018581692896
ck_900d62b3184378c7,0.002055685428
ck_eafe9b89857149b5,0.007894876406
ck_e74716a525ee5b24,0.003596838112
ck_4e9a6f06ab134102,0.045853652905
ck_b0d33b5a3716661d,0.020471344029
ck_8703543bf3134306,0.019588362139
ck_923d6a0f83accef1,0.007953355268
ck_52e37e2170532e2a,0.279577514495
ck_c1c5ea839c58958a,0.017343422705
ck_660f0006780e87e7,0.060209240187
ck_830b2c5d1818ac07,0.015442478671
ck_b080ff636932d1f1,0.004476354442
ck_38730aace405f2ae,0.997217209929
ck_9790138467a06223,0.001696306764
ck_10de0b0d86b17839,0.004587341012
ck_c3e37a4d3382c32e,0.005034813371
ck_dd8edfefa1eba531,0.004389185049
ck_8153cdadd300d234,0.001340204576
ck_74d0e7c2c6b63d36,0.718684695858
ck_c478aae3031bb328,0.019849535148
ck_cf301f2194975866,0.008238082132
ck_f4de03f44e3a5bd5,0.011021820472
ck_b06ce826e593b210,0.025975783982
ck_2fc70b6baf6a0e26,0.006302752432
ck_d208494cf5c90047,0.014379805688
ck_086d29ccae565e5d,0.013616577778
ck_d5ef6dc116dee408,0.007546906191
ck_fdf0c5b722d83464,0.007051364085
ck_de8494b13adeffb5,0.012848106207
ck_556786868599143b,0.013192347615
ck_4940e78cbdcfecf3,0.003512265505
ck_d32fbbfe32c00416,0.013788636940
ck_bc7710f7e9fae649,0.008417676488
ck_416f7ac57da081a3,0.003348404564
ck_6fb39b60c67d5475,0.006738599227
ck_e40a156511345d6a,0.004411838722
ck_49ab879b5aa7fccd,0.145150660685
ck_bb643194d1cbc47c,0.993503720454
ck_b3ce8f1bcedfa043,0.008277341036
ck_558ebde8c29132a4,0.007873541178
ck_e6222925762273b8,0.076661557727
ck_bd80546b4807dd59,0.242116311187
ck_bd21164bd2bbb635,0.006467951170
ck_ea835557d7043667,0.004582457582
ck_1411a80a157ff39c,0.013094246272
ck_ab973888c20c9120,0.154869965540
ck_95b48972061abe82,0.003565459771
ck_fc4a43f8876bf10f,0.026596322789
ck_f34fb7ccf82f41e5,0.006652193156
ck_5af9934a56801ac0,0.002790321018
ck_fc7445ec76389a58,0.280367414081
ck_1eeacc26f02fbba4,0.031464837510
ck_4f325dd15c9bd45c,0.025657180723
ck_5009a6c8bbaf15ba,0.034368260935
ck_0f3de7f074bb33af,0.027930886076
ck_2cbc2f93a32eede8,0.018840884022
ck_4bb90a61c21a303b,0.011996611833
ck_3ade9eac7d7b0dbf,0.268904470586
ck_4859a58629622915,0.398256777743
ck_5fed957287ebca03,0.003678379446
ck_ec01ae5351500355,0.006570511636
ck_703b41624ae6a5b6,0.005172095156
ck_97c38e7f61c27e47,0.009603352206
ck_db2c0908150cb2cc,0.019861858799
ck_64ac5e6fed86ab60,0.891785008253
ck_da1c853b0a061e83,0.014909657590
ck_9a36916b60178ded,0.770577473965
ck_3715bfa7fed2c675,0.023395045356
ck_dd3feb77d7d4f6d3,0.001394028399
ck_982ebb24174a4ade,0.001547517547
ck_f6b7a10d47dd9a1f,0.007337374346
ck_1f56fe99f250cdf4,0.051459136825
ck_deb3ac0606d6f6db,0.011203883029
ck_e666629e5a41b39b,0.001781941158
ck_756d2c13d02b3e09,0.022065731576
ck_7bc752ae7cf5d55f,0.009119070496
ck_fc0cc4b25e6a8194,0.003298220197
ck_9b2b0e286de78a1b,0.004986928947
ck_24b0803447211bf3,0.019614887917
ck_82eed68d05a42128,0.020039137913
ck_c8a03c516ed5b05c,0.072678709003
ck_e914974cee1bccb1,0.058581797909
ck_0c533ff2d0f9962a,0.015478398603
ck_c12805fa5d970a83,0.025348175498
ck_fc2cb29918631f10,0.252432479947
ck_c20e89afe575549b,0.006191286870
ck_e1ff9e31becc27ae,0.041825872349
ck_18116d0ac08f1996,0.879643199416
ck_885a83975cea5e64,0.012810307917
ck_a0c3059a959ba5d1,0.040840972115
ck_75257ca7d7da2861,0.020166606303
ck_2210f7a0d13bdbef,0.049732626183
ck_9cbd9ecf8374f65f,0.001826090262
ck_18f67c00ba21fbde,0.003101079715
ck_2d28f14d3973d8fb,0.005776759264
ck_8b3401b44aaae728,0.009657983958
ck_9d8e9ef37797d3af,0.554002389313
ck_9f50920c894f64e1,0.004816125710
ck_4737e0d56c6fa0a1,0.014014610890
ck_52c311f29ca3aca9,0.001023157779
ck_6a4981bc721df37a,0.018752577599
ck_823539d936c55fc6,0.008230328168
ck_df5aedb4118020bf,0.946416749747
ck_a911a066ff0f7b56,0.031074302602
ck_684609767df4a14b,0.039673110090
ck_f2350bf355dc919e,0.023117158100
ck_8452b6cf97c65a5e,0.006575252370
ck_084cd84501012218,0.645749749149
ck_ace6b72e5bf3e93b,0.045118993502
ck_2afdd69094c955c5,0.021594220559
ck_fa7d5be26bf7b31c,0.123031100300
ck_4b041217690fca2f,0.009158699294
ck_9fb8e3d38cdf276d,0.905498592819
ck_c1ee56d65a42f59f,0.105598394954
ck_fdeaa1cd085691f0,0.046539258350
ck_5de33a7a87e9aa62,0.038850235750
ck_7476e7fe1ff45545,0.017508859890
ck_b0a947b498e47018,0.024561044431
ck_e3894ed88a7977e4,0.006649680632
ck_c7e07ebfb0bc15f6,0.043086660300
ck_3a3daa8b376f2a18,0.004433290901
ck_87809324c2675b0a,0.017362612752
ck_7eb4f33260f1dcd4,0.008246558235
ck_ab9f0e08af030060,0.007133870090
ck_5b8fc4a76f340797,0.026877659588
ck_0e7bf10ef49aa818,0.026794529580
ck_a44462a3853ac67e,0.996543648005
ck_2d14bcd2e0fc043d,0.005880002043
ck_df1f2dba802296be,0.900032240966
ck_466a7316eaf149b1,0.018949911728
ck_50df50af592b0c06,0.008021538955
ck_5f9e34c849704b95,0.005982191559
ck_7836bf6def26aa87,0.196314666538
ck_ba175b1bd8efaabf,0.002541703126
ck_1a0aac7f7b94b1be,0.292469835318
ck_6768c4b2aa8ce586,0.009839920202
ck_eefcf0ed15897898,0.005816655314
ck_7a6cb27e390b6ceb,0.014325833300
ck_5275be4e1577c1c7,0.027303071554
ck_6bc0e5b8c0b7d2bd,0.052493721395
ck_4874bdec79f9106c,0.015243514269
ck_a678731156ad7bd2,0.036768364626
ck_db906debc36a5d1e,0.020109110492
ck_e87897767c612942,0.008728823461
ck_45ed5ee496ef8a67,0.015379674800
ck_ae20e28f9854f3ee,0.013028901781
ck_9ee044b73943a90b,0.012074421014
ck_dab34cf6f0626c9b,0.018584862440
ck_64a02b7b96149810,0.001373354622
ck_c417d06f3e94685d,0.004070544381
ck_3e0149cdee4cb294,0.004310046955
ck_0e6046fc30f81705,0.005446453468
ck_c383aeabd53e9c89,0.013254309984
ck_2ef76f1f36e8b869,0.069387702879
ck_43948784650bb9ac,0.014572394359
ck_bdb966f43ac350ee,0.019020132813
ck_5bea0e0ee0b094cd,0.014184401469
ck_dff090f03ca5529e,0.008363348609
ck_a4691b57f837d88e,0.007020588425
ck_99ee90946395d74d,0.731758946081
ck_cc81dbc83a8879fd,0.005618463278
ck_f3dc0725621b3a35,0.021582019713
ck_1bb212d1288b9689,0.024769324438
ck_9e7278fc7679f002,0.055548355768
ck_3ded7a8720d7e311,0.007500708305
ck_798157bcdb9453e1,0.001798024760
ck_9fba80f56f357fe1,0.002841950900
ck_f1e1c8491f16f912,0.018160078956
ck_7b1319a5ca2f63c6,0.776742266899
ck_124432fd5c92af7e,0.524042325219
ck_148cb0c723284dc0,0.007238884957
ck_b56c62c950eda009,0.025694164441
ck_a0498755cd8d7188,0.002708492291
ck_5379452a9d74efae,0.017654890582
ck_6c2453229d608183,0.020124192053
ck_f9d8b4813a88c1e6,0.008366095845
ck_c2c7d1e45a521857,0.026467111993
ck_4364a83a11743888,0.002104257747
ck_2cdf5fd97ba75e06,0.087696577012
ck_71bc01291e0533a0,0.061348329770
ck_a725d7aed2a0bdc2,0.010908682433
ck_a9b0c4dbd7db6a91,0.009558182748
ck_a4258806a533efa9,0.029183164822
ck_905e460591d9a278,0.019147186595
ck_20de8abfd8960ee3,0.012095856957
ck_252b0a0f1119b220,0.018867270166
ck_95e4bef65c36af1a,0.004622251266
ck_5ab68b434ad53fea,0.007722571877
ck_13677a1957078827,0.003685588281
ck_d251e9fa09e542dd,0.996257752481
ck_700cb620f300dd47,0.004562377730
ck_39a68c55a1bd3ace,0.132392979995
ck_61a59a7944d6c53e,0.291353269307
ck_db6d1c6d31da967a,0.027728949295
ck_650020c500b1b50d,0.009506098236
ck_d812eb6930192793,0.001073514867
ck_92f6ebc11ebca89b,0.008520977297
ck_d87e26eb5bc84b01,0.004621758106
ck_66439e697695224c,0.010426061391
ck_f21efd504faa654c,0.007725252720
ck_15eed0f5652f0352,0.005822658833
ck_bcdbf57d98dc0d27,0.049206067116
ck_873ceb8004d3a9f7,0.046524163593
ck_70bef9ddd4bab005,0.001450347246
ck_7560f1891d66f294,0.006728737398
ck_f439f16f8693883f,0.022772024903
ck_14f9535e53f9c7a6,0.017511825902
ck_5984be472d2bc267,0.068575526336
ck_ed01be7504dc4187,0.029209217228
ck_dc3d8b5c17b67ae9,0.006552020500
ck_9dc23031b6b494af,0.034511014609
ck_fbdac0221bc03f66,0.008077527454
ck_863708a99b92ef0d,0.018162960270
ck_22b52654776a1ea8,0.389876666006
ck_a0714f98001efa0c,0.012568444294
ck_9c56114f84e9a541,0.006921787516
ck_e155cf506b2fb699,0.001892986680
ck_65ed7e72f24731e7,0.010222091662
ck_822d6e8e43befc72,0.395597391371
ck_b1182471d9ac6b26,0.001411189707
ck_821446adc95e6da5,0.009907399117
ck_ff182f033134dbb8,0.009975645227
ck_9c5feef7647b0588,0.006930908646
ck_df935d8bdd44883e,0.013320164656
ck_01eb24c18ad11fca,0.133178785530
ck_00d6730134a1eb51,0.058285049630
ck_79ba8e85678d0224,0.003031481056
ck_97e3b04a1350f6e4,0.007328942435
ck_74e9747954a46eaa,0.031633462118
ck_397d5fcc9972f909,0.035628153703
ck_9ede89e8a43c3f53,0.074584786293
ck_303b33910d67f306,0.003374315689
ck_3c17841636f6f7dc,0.004204899390
ck_78730527f8ba1438,0.028541535180
ck_5ee32bc6bb5d1d4c,0.046323975248
ck_a13fee8cd925d0dc,0.003174718962
ck_6f847263379f2e43,0.024786288584
ck_9b9d9e579e7b55b2,0.051031663631
ck_87c1d0a79e79c84b,0.008664071844
ck_bfc453eabb472f91,0.019403637206
ck_978c21bb5fe3171e,0.025983809828
ck_dd882323474431d4,0.008333077649
ck_533c4f7400d5ab22,0.181530769789
ck_5f217bfe28954e75,0.994621799190
ck_ae96d35465b3b4bd,0.010856375644
ck_512ebe97c0af94dd,0.107779013547
ck_f558fe02bb0219b8,0.007063805063
ck_84092e23d5ef4d51,0.028234525253
ck_17d3022ca12eacd7,0.004181951532
ck_8a8f81bf3558fd9c,0.022209308109
ck_0ada6fed1864e7c4,0.011280739694
ck_21fe7bc59dcd78fb,0.003180770378
ck_e136e20c1c74fe38,0.004911449298
ck_e7a530e09d113dd7,0.103065646414
ck_7cb0c9ded4d63027,0.034594443631
ck_102db9615e722c9e,0.013900118119
ck_129e39ddfde92eeb,0.003719956951
ck_d730ff21bfd7769d,0.007967221930
ck_54459b45d2be8459,0.003454338954
ck_7f1c20319eb60aa6,0.996779064165
ck_939fede90473e412,0.003174495036
ck_e0f9506a6d5f4a1a,0.020494730361
ck_9a4967cdf49265cd,0.356101090484
ck_b9eaf03453ac7d5f,0.002589955205
ck_522477be6376b450,0.019622743337
ck_9b6282e3bad50710,0.013891821648
ck_a0e3a2facd508e49,0.017751387778
ck_97ffae702f7c3d08,0.010786762522
ck_344a95cb7115ec67,0.013374010274
ck_1f2760764afa45e8,0.010311290328
ck_720cd658d11ea428,0.080958953511
ck_04e32ee9834c088d,0.140193504284
ck_2bb1389e5e72c8f4,0.021094780570
ck_961e7dbc217cfbbc,0.007187878822
ck_f3bce4eccfa6d6bb,0.004395669569
ck_e0ccfa0d689339be,0.006496500452
ck_98217aeafa0bfefd,0.015548410373
ck_a02aeec1914c158a,0.015526749887
ck_20a17e8f206a14c8,0.006444971039
ck_114c32aad4b6183f,0.041067523697
ck_79f5198f0decef20,0.005502045861
ck_2209de229b4c71c5,0.027288425500
ck_6ee939b7f396975f,0.009595500123
ck_202f0c14b07ace01,0.056076433303
ck_fa24db9d416ab904,0.002506509543
ck_cf6aa24b92c4d33c,0.455059826402
ck_45f57fb8194cefc8,0.046671789781
ck_d5eb179dc45394c6,0.008715435394
ck_efb24be983342f75,0.009240585576
ck_245f5d62ead5ef28,0.012592522579
ck_15fe2a47fa7e92ea,0.005358099122
ck_b6527a85fd682554,0.014839583436
ck_11f9390a11ce9ff5,0.031336664479
ck_ffb4d892c5158201,0.002398520811
ck_d4c1da5a1427fd6a,0.024473724915
ck_2c041b1efb1c5063,0.011072090880
ck_ecc18f40b33be769,0.044942989901
ck_0525349f3945375b,0.087173333974
ck_0bfe62e0c7eab9c9,0.017959566341
ck_b7c37d410b1646c2,0.021441649839
ck_4b15b0746318cf42,0.218517062639
ck_e5ee006ecd8ff661,0.080493014232
ck_ccc83cf66365357b,0.048206080359
ck_34a33ffe8339f66d,0.970543634009
ck_4e39e3b165edab58,0.915147760683
ck_1a71f8081ae00190,0.923289381218
ck_ed8f1200fc049c40,0.961790311435
ck_8a5a57858e8c77f3,0.004112216733
ck_fff9fdc2adf5100b,0.778756832454
ck_c76f1bf40f3b787b,0.001895037404
ck_1a6ddfeef82b1b1a,0.007167726263
ck_478d2667aa9896d9,0.061868186135
ck_641c8e7694b21f3b,0.092414330674
ck_293581d879f6663b,0.491296853084
ck_1bfa8abdb22be8f0,0.145720893197
ck_05ab5b03d0bf9ce4,0.197422915780
ck_35694db37f0cde7a,0.001316644062
ck_fe33eb743d714c03,0.016385875813
ck_abd10fbcbaf2b038,0.021983970666
ck_46d51648c1bf80e5,0.517107190021
ck_5c8390017fabfaef,0.059016040063
ck_87d55ca333f22072,0.002580864489
ck_c39c6a1453e2b92c,0.007071445342
ck_69ff1b0aa143a168,0.001691323060
ck_e57c79eaab35ded7,0.025167537737
ck_463ae759e2b6ad1d,0.010402903046
ck_0dae4a7eb587f3ba,0.011102973413
ck_9b12fb56529ebc4e,0.012563904249
ck_1af547077ba2dd03,0.138071523981
ck_de13de941bebc7cf,0.002135418091
ck_83dde7da2bf647ac,0.001437323567
ck_c80a94d4660041fe,0.077819085290
ck_f39cfeb277ef6528,0.007822814840
ck_1cec1ed1512a2d3d,0.002177484060
ck_7955a359b6448799,0.002209888744
ck_8c0955dad13c3ca1,0.028323920104
ck_6d4cd2de601a2308,0.013897920028
ck_f4536ba8dd2d551d,0.012786114740
ck_b379c198d6db2d62,0.010671156112
ck_76ea90ebc74bcdc7,0.022858781845
ck_734f06bd4aa92781,0.010589750973
ck_677e1d0c14cbf569,0.008150305472
ck_259271c70f3fbcbe,0.070291556302
ck_c0b744eb9e7d4eb7,0.027313677785
ck_3d41faeb96802f68,0.014220882874
ck_8f604fa70fc3c8e3,0.007474214027
ck_0b3c3bea0e0ed339,0.005439259545
ck_be5df076b8a86409,0.006625152924
ck_6a475fe324d7d790,0.022901810724
ck_3ba3fa5387bacee8,0.000489366897
ck_324b9939d9c1c31e,0.001887990968
ck_a7fcf7b592f68ca1,0.011941934719
ck_5b2728f7cca414ae,0.002781651647
ck_5f4a25ffd0b85a47,0.022861524801
ck_63d4f5076fe4406e,0.001527841320
ck_af528d66c86f0cb8,0.110733085812
ck_ac7cdb9b8da7b5dd,0.021061189167
ck_3bece63711407e25,0.026560308442
ck_d4e0b2a12fcfc35e,0.009593977251
ck_ee3e7c9d3a9c74b4,0.034830825322
ck_50d7c4dab837bf66,0.011372419689
ck_ebcb93a2990fc914,0.156976933025
ck_2329cc9702cdf7a0,0.017455992077
ck_db1fa53d588bf99e,0.003766666797
ck_44e57a0bad5a0745,0.013881694756
ck_472c81a144f4631b,0.005437103340
ck_1658429acd5306ba,0.025045109658
ck_466103ec5bd9444b,0.016992513373
ck_9757163e25262b74,0.042151209612
ck_34ed59bc2c9b0186,0.003784661974
ck_b7bd3a7f263f4f29,0.056823782431
ck_149662b09d632e41,0.012036563714
ck_a9ffd6b3957bd41e,0.007046822163
ck_ab80466ef615e85c,0.003446588537
ck_f2c824d3473db24c,0.005617807751
ck_a4a01fd45936b078,0.018806243574
ck_8f6ce158c2902877,0.002329780560
ck_5189a302cfa7cefd,0.001336292909
ck_430a3d03be588201,0.010331457001
ck_b5f9dd00914b4db4,0.039409761823
ck_52dec82e9cf6135a,0.012904296347
ck_95e444a01e2ab4a5,0.007389784555
ck_e37cee7b123692af,0.009592309990
ck_d68d42858a55adff,0.024421554141
ck_3abfc010091d679d,0.010091228744
ck_cee4e4e1b62bf82f,0.025361634234
ck_9ccb17c35e636c5e,0.015293810422
ck_f72a5a3b0d6c1177,0.002883125606
ck_7508aa554fae6afb,0.049326268647
ck_003aa842b7ca1d77,0.381736098939
ck_83b2b192f41ee2bc,0.487452387720
ck_64796b6b2c3c7f06,0.017626589172
ck_6438ae81d43cb196,0.000815995032
ck_2bd73d9098504760,0.038856085273
ck_aa8b9b36a099e4c8,0.016168990682
ck_e5ece47d0dd10526,0.014277357992
ck_16077ac345472e6a,0.006381245993
ck_a4d6e152b0076964,0.005261577066
ck_d90b1d03ae151f62,0.008458321027
ck_18b36d342b530af4,0.008380162020
ck_2a01e610348b84f8,0.087543733782
ck_0a93ed76bf36c8b6,0.010569432067
ck_3d56b477fe2370b6,0.036884734563
ck_17ab3068fa303682,0.006617511386
ck_592a3520d841d11b,0.018494394096
ck_84d07028b5fca2f6,0.027648398781
ck_f4a2bb10afa85743,0.006891173353
ck_4fe4b072f03f2c1e,0.002818139681
ck_9ad08fcc183ea1e7,0.005983585684
ck_130d3848b9dcdb05,0.007019813108
ck_bb399ed6bf28c230,0.018616272805
ck_a31a64a39a2c4941,0.001827859610
ck_c49f25dfb39909cf,0.006978248945
ck_55f50a9ae2db8ff7,0.003230169199
ck_09faa4e771cf876b,0.010535213715
ck_df520a7a6e405889,0.057549700247
ck_8c8c98cc694ac900,0.017413373997
ck_7f0c4f609673ef62,0.011508528301
ck_f51fe59cd445d2cb,0.006582368953
ck_b3fb83f0d772a831,0.006224046905
ck_d6e7e257751c299b,0.006652907441
ck_0d362ddb4a1cb6d4,0.017883365583
ck_a574a08edaf81781,0.002394310324
ck_a823f5bcb0e4b9df,0.002177769164
ck_f792586ad0381eac,0.019730750435
ck_54bfd70022c66983,0.003594916453
ck_fe0a9372c9372de9,0.086695161534
ck_5691cd6fdb6d8147,0.020049788248
ck_a95f212a02433d23,0.028264250214
ck_f5adad75e1c06731,0.029472327744
ck_e09c97520eb0533c,0.027532237855
ck_a1e13c0d58560340,0.002708582013
ck_cacc2ca410cbe80b,0.027737997907
ck_c0dde2a6ef1e08c5,0.009146189624
ck_a04403073c90ce38,0.003006150224
ck_03d3026107175dae,0.029731916203
ck_50176dae5b1b716d,0.003870094622
ck_6c084bfcb38e96c3,0.025033709821
ck_36d2be9012f7909e,0.016087059715
ck_958acf84c6137a22,0.013135063525
ck_114722e12db90a73,0.021964234893
ck_203c2a22c0c165ac,0.001773560259
ck_2c44ca550e5cfa82,0.022104152179
ck_df0a8f20ab8f14f4,0.031345867486
ck_826a27ff7555192e,0.007118435911
ck_09a988ebcf062297,0.102878290975
ck_5c82444b3b9160ae,0.017871572823
ck_f6a4a7ed27fe76fc,0.022313130470
ck_17de46314b5c6a92,0.014920443217
ck_335e63101b1e6c4c,0.279476749499
ck_c5eefc0697451de9,0.015387370244
ck_49a0efb5d4067b6f,0.140777940442
ck_c1f4509c8f5dac5c,0.016915782343
ck_57658eda1c59bc52,0.002052491666
ck_0d5c0736ec76385a,0.017334136637
ck_e0239e6ae30795a7,0.070865664595
ck_e4459115cd8e5e4f,0.022083138059
ck_bb4aec09d4968dda,0.168190394542
ck_a1b4c96faed3e0db,0.042046857457
ck_8247b79ac67aae7d,0.010772751395
ck_fe2fc7d6e5d83f09,0.001510006210
ck_f6aea576cde8d592,0.002064877897
ck_b7e7f7d0cd886412,0.071478717690
ck_ca7b993e8286af7f,0.020010736918
ck_47de038381a9cd65,0.016498395311
ck_d38f941d09eec820,0.051405565250
ck_d9ba2a6c0d926b4d,0.005107654416
ck_cda72f597330d0f3,0.005613092714
ck_16d2d27fadeeacf7,0.005917734875
ck_be05447853d423a9,0.005569470086
ck_cd92852d7376a4a8,0.001925319114
ck_2faf7ecccc9fec58,0.002736981824
ck_db8733fd92f20cd7,0.015253844832
ck_a9989a3a94c26634,0.042842645281
ck_957fb25437c75e41,0.060421536644
ck_e6a6caf6e7de17c2,0.018371800508
ck_f7bc569b37e8bdda,0.011766155578
ck_703b375dd86a6124,0.020785879605
ck_d3cfb3603f2c6ca3,0.034733004501
ck_07cb2b6f2a4303e1,0.123692642462
ck_31631e2028d4f855,0.007360348918
ck_1631bab0ba1256db,0.006213642008
ck_5fdafeaec036f016,0.017832208754
ck_6eda4c36aecad602,0.012944743345
ck_bd1bf9e3e29de281,0.029900456933
ck_bf378ea558a4125f,0.771230137071
ck_7aa2deeda0e57412,0.998694278612
ck_d229cf7f5a3f38ca,0.004509401728
ck_9e109edd124492a5,0.006696177284
ck_779491819995625d,0.029918375886
ck_b89c6fa2ad0a12f5,0.017876272123
ck_1d01b4a609918c4e,0.900556508042
ck_714c5d7cb17bc9f2,0.003891375841
ck_269f1746f2609ed4,0.003605974761
ck_4be03a2aa62b93c7,0.007448824207
ck_cf920313f6dd28fa,0.009102998937
ck_fb00aae4e17740c5,0.009750161661
ck_085d8c42739e2b10,0.997040024956
ck_c72a7d0d03cf3e17,0.079122509872
ck_8f6ca5d3b17eac6e,0.005240718578
ck_d9573100bbff4014,0.343798310664
ck_79d6793d1d0cf43c,0.012610956826
ck_91fa5032f7aff0f1,0.135445799270
ck_87110d84872c0fed,0.025570474573
ck_8220da627e9992a5,0.004501110771
ck_2ae44938847f3852,0.004982788258
ck_b0f191e44f9b6f35,0.049463302474
ck_3049d744b527f4d0,0.002913300586
ck_47d3e8d1dd3fbcef,0.024015987847
ck_ddf787359d2b5deb,0.000707184464
ck_b27a9e39726b26d9,0.005213728964
ck_80c4e9274cf976b6,0.993520004538
ck_c6afa913168ce8fa,0.005733442281
ck_52427b3f8478db19,0.030272243043
ck_3b810f15ca0eaa55,0.006618285382
ck_0c9e420f97baaa06,0.674642848949
ck_f8540cf3a8b2f8c9,0.029926384398
ck_1402d24dd623df72,0.014960106108
ck_eb4f4267e24d042c,0.009363305991
ck_6f661b428d6fb8e4,0.039810306512
ck_519a26ecf3d29c90,0.014319400339
ck_e886ba71d4a6fd73,0.018061604860
ck_437f9ecd2016a1a8,0.007284889285
ck_f01af1b0c977cc06,0.004035352907
ck_614f777c2eb5d537,0.009350755655
ck_b804e784cde9af8b,0.007719820609
ck_c2dccbc1b24b137b,0.051446825933
ck_1df4a1781a0f6999,0.033263029968
ck_bd2cdd53fca26171,0.004180083380
ck_424c254249a109f0,0.023366251071
ck_cf2ca4f286e289ba,0.023306450960
ck_6c33cb15b0d8af54,0.002834765676
ck_311d395fa9b8550a,0.024984347152
ck_9f792e7e721ff7f1,0.004516638883
ck_4c37586080edb7fd,0.007318366441
ck_7c4f42c5397113b0,0.010234751513
ck_fc418f53ce4aa579,0.833681731933
ck_1ba28fb7ef726ce2,0.005162645987
ck_d932f98bf6b83956,0.073772605544
ck_248b3659a9239240,0.004968768952
ck_6a92cf5f4cf5de38,0.020006782917
ck_65519d0fb137e0c5,0.027383059494
ck_ddc3fc99eaba2064,0.048329376647
ck_7310cda3bc65a73f,0.002640210011
ck_c01c85bd631d4054,0.002637762028
ck_b4954d16b9749829,0.013690343144
ck_f301f6758e170d66,0.028556605316
ck_9bf95f8c47e7c7b4,0.004438200341
ck_c91b7fccf6aeb4a5,0.055739263432
ck_785fa45e86bc5e95,0.007220412593
ck_2a65f1cc23f1180e,0.008145348710
ck_a49a2c1f881a3560,0.011237021245
ck_def344d68f06d749,0.007823530228
ck_abbd1465fc730d78,0.027503303695
ck_07a5610ed28162fb,0.007189084594
ck_7ecdee2d7127be8b,0.066134797792
ck_67858bc00e81490d,0.004868857941
ck_b4ad165ace910222,0.003431116822
ck_30753ffe481a1b8c,0.751379898682
ck_c401a26725b17177,0.002820860995
ck_819988d8a7f26415,0.006084460831
ck_3364a1d9261b3638,0.012049105388
ck_c484c5bda389bf20,0.006042947914
ck_ae416325fef92c9d,0.927609516005
ck_5517b9a865960542,0.001784312115
ck_a0e96fed380440b2,0.003867284861
ck_e83409471d2b0b44,0.023768998844
ck_127273af97d7827d,0.002899591834
ck_aaa9861c91bd14dd,0.006275419553
ck_a378c58294001a36,0.805678232311
ck_abb9d65ff1f95b64,0.021070418102
ck_a5ecbefa849ae569,0.012021195599
ck_aa9953c0ca2bed7b,0.002207449986
ck_40bc6de252865f32,0.003018493423
ck_9fb11688dcfe1513,0.105124706374
ck_ba68841ca2ba073d,0.013514237048
ck_1d3e561a7d20be0a,0.989201070851
ck_99a92d710a29c1d0,0.005562822044
ck_ede2e887697ffac0,0.007092934311
ck_e6de67c0d82a7b83,0.010642837529
ck_6b38763bf5ddbcef,0.012359429499
ck_8dd44eead7d765a5,0.019845022686
ck_30bf5b0056eea9e9,0.578169490576
ck_2981d16f8a51a8ed,0.026502062951
ck_fc60f42c68c7024f,0.030603977639
ck_8e2b2251ee224aa4,0.008728961522
ck_1906f0dfaf6e9bad,0.276223860286
ck_dcbe6814fc4ca0b4,0.040377945549
ck_f7e958a286ae3b57,0.021793964540
ck_713649668a7ca824,0.004316426130
ck_6f73cdbf9305e2ea,0.010415035738
ck_dd1c490050cd9051,0.020098711966
ck_e30db36e376606f7,0.084599215834
ck_740d8fe8028b5a2e,0.026572559480
ck_ebbc9418cd41f692,0.003416081901
ck_7b3cc6cc3f250f39,0.012603470674
ck_1d30eef7110809e5,0.347249994760
ck_77e0589ab339ca66,0.021097422168
ck_15ccbf8ff7d14086,0.002686911857
ck_246989b0c288664f,0.015830557144
ck_fc2a6e27b10b10e9,0.004193807728
ck_8afc1112c12f5402,0.002897542757
ck_a76e8d83b9141364,0.043117739747
ck_51d3e8dd7465c015,0.002735657432
ck_e7b4016909405981,0.010348464497
ck_e7a3cfb9bf908e80,0.061374957708
ck_2bb49dc2388cdc1e,0.017732616778
ck_94f4266ee7871345,0.002133335385
ck_b2c896beec146477,0.011204208342
ck_fcf5d4a4748cdd53,0.011263651985
ck_fd0483639811f62e,0.097320017694
ck_9a21d183524734aa,0.035396744004
ck_1df4b46c0a4c317d,0.054994042461
ck_638df9e8a22dfe0b,0.002870044717
ck_65acc43a6dc3e65d,0.039699236238
ck_7c67b73196e3d0d9,0.044994159314
ck_b0ee3a98175b462d,0.002951500428
ck_20fad010969f1abf,0.024261136469
ck_54b087bd873af8b8,0.007408626834
ck_8007824431fa803b,0.020727695227
ck_23aab322810b9fec,0.004597960751
ck_c8001bdb9aafc8a6,0.014248082192
ck_3a34c3ac83cf84b3,0.004313080752
ck_60187ac2c473a662,0.966914031164
ck_6a0ccd7357979f0f,0.048106844553
ck_27f20337bef5ffe0,0.036399961893
ck_f9fc468915afe49c,0.014694760519
ck_1eabc15a94bd9009,0.004506957931
ck_26896c494b2768ef,0.003081277561
ck_348c874eaf0354f4,0.018964782261
ck_be9c46acd216b45d,0.011114748336
ck_a3cce46d15cc20a2,0.018299009610
ck_70804f60d9704128,0.087513485175
ck_a019151ca8e7527a,0.019743304366
ck_571133b2aa8ead51,0.034586957881
ck_0afa4449f20d5196,0.022727923646
ck_4d503c41cf4e5034,0.010268433452
ck_d6fb9cc5171e3e9b,0.085166176451
ck_05ed92a7c3e10e5d,0.027649283502
ck_bfb067986660afe3,0.008088082380
ck_c1a31690c8573226,0.004450768482
ck_cb88ef3dc1f42225,0.002566896394
ck_21e3b3bd998745e5,0.015238183805
ck_cf52e46fa54e4540,0.016169270902
ck_b72c7ac4208052ab,0.061302279626
ck_e6465c56b337e6c2,0.010615881629
ck_5f87eb05d18186c0,0.003267118103
ck_263f6c5ff26b5e98,0.189097912000
ck_e0b7e2c0bbe228d9,0.000836773242
ck_b657ae3c146cb7bd,0.011695266584
ck_abac514d8167ea58,0.284536537097
ck_024dcab126876002,0.008339334748
ck_5d8481e2b38bd99d,0.015146454578
ck_edf229c17d25dac1,0.052432347489
ck_6cb7c97b72d6b5d3,0.008265092867
ck_c96ae2c28086a059,0.002188649010
ck_2f241b97c0f8389e,0.008458272368
ck_9158bdbb63ee8987,0.003171916313
ck_e7b40b60786c1530,0.006284152404
ck_66d38518f68e6194,0.002442707575
ck_8c9b57ad2a991416,0.029178026161
ck_cc91bd7152d3e9ba,0.012750570506
ck_0d846660c7957a88,0.051022923785
ck_60896cdac2212bea,0.059175991943
ck_dc4db8b932df49de,0.028602942872
ck_2dc31db181150e20,0.009082866940
ck_2f138fce1171e277,0.004142092870
ck_68b8b859a6ef505b,0.015736321328
ck_c3fe0c6c5e1f40f6,0.019478266337
ck_15886fe84866de92,0.017373693851
ck_ea269b35406473e8,0.004883691161
ck_3ce7cad1f69b71d6,0.017193165911
ck_054ed4288ee58d6e,0.046206703913
ck_3d4913a86f207fee,0.040697458838
ck_23ff85f9d2355e8d,0.008998118376
ck_d87ab3261322216a,0.002035042232
ck_fac046ce336fe39d,0.015774508430
ck_beb97e498e6cf8e8,0.019633157566
ck_1f517e0ebf397b51,0.062069290439
ck_0af57ebaa45877a1,0.005807499069
ck_f99bc1732ce5e999,0.052046973784
ck_abb056a9deab275a,0.019208593334
ck_0bfc394c5faa65cb,0.003502366652
ck_ddc865af1dd5670e,0.005244645095
ck_68b5542459638b56,0.040853373602
ck_0b1d84252c0b46c2,0.000968886001
ck_520ec32c4f253604,0.030714404836
ck_79ffcfee599d77c7,0.007042943106
ck_eb224c0fd146253f,0.045185521313
ck_0e477084434da450,0.015850073677
ck_07840bba5570785b,0.377545272580
ck_6b67fe8e310ab865,0.011132650866
ck_e2a1068c2fa22525,0.017726337526
ck_b9c6b32f6bd92a3c,0.022776520496
ck_c1e7d1021ae58f00,0.003374006870
ck_5d7801201749ffde,0.018872074510
ck_c8806749e263f70b,0.002041885231
ck_c9eeab826781dc91,0.013631153813
ck_309a432c160a17b3,0.008372059243
ck_b22e3337b8e3dbb2,0.004140910263
ck_79c30169c71b8033,0.897292779701
ck_5a6593d954085775,0.012451391171
ck_70b9b79ea1aacba8,0.022949030169
ck_63743141ffa11f45,0.006002285535
ck_dfd3dbd0d97a642b,0.004665324237
ck_635646a661f05b4a,0.030348057602
ck_4b123d6931b6d0d7,0.125077699275
ck_f2b0e7a47f442557,0.423256253214
ck_1b1df006b81d38ba,0.007443268293
ck_360237c1bd30f4bd,0.000882232899
ck_5e84bca0e362da20,0.012037588408
ck_142dba210ed2f3b5,0.062284869686
ck_a3564236069e3524,0.052298448909
ck_cf36d8b070ded782,0.006178463687
ck_ddd6625c5eddad70,0.005373807529
ck_ad54292a0b2f44ef,0.045564046728
ck_45cd5ef6b359e9b4,0.004493081388
ck_982c2392238b7be3,0.611560023487
ck_083e4ac78685c3bb,0.008686594641
ck_729cc0b46cc2e546,0.288775734165
ck_f2b8995fe5402759,0.002045547848
ck_73e24f5a8da289b3,0.086030947829
ck_bd85f30c36f5998d,0.048985607036
ck_ee4ff3aeadf912c1,0.008305643652
ck_63d2978706e193d2,0.010708513904
ck_6a0684436a1e66c3,0.044799279347
ck_182dc4a2f5a366da,0.010093699414
ck_e6fecb82fc2a82de,0.007095699607
ck_cfb06f07394dfe64,0.002090083852
ck_7bbe1dc8add17ef0,0.014537412406
ck_5cacad76e02c8e3d,0.918865669670
ck_ca68dec0c7df5a12,0.023762031207
ck_e4c0fc52c82065d3,0.004193807243
ck_f9197b070416f443,0.002928095733
ck_2a07c7021b71cf65,0.030999154196
ck_4fa85cebf707de2c,0.001930930755
ck_0063d2a9507467e5,0.009052790325
ck_ec986285fff05b7d,0.007344472332
ck_279d43303708109b,0.008606801299
ck_a406bf11e48cf8c5,0.022893991281
ck_064b2aa3f0bfdb6e,0.012989117403
ck_95790440bc4bd2d0,0.005443900696
ck_70066eea13b4c34f,0.007655716606
ck_19468fe07e26f992,0.977666601536
ck_86bfe328e0a533b9,0.905043694431
ck_ace3b96c977a7560,0.033511948016
ck_642344e5c652d8df,0.017219699922
ck_074be35c951ae10a,0.037390486861
ck_f14dce41036486a3,0.996022129245
ck_5cf67a3a747e684d,0.120022236553
ck_f7285b92648c1c81,0.008869369401
ck_bef3193f124fca5c,0.088843398575
ck_05c4dcbb45de1f8d,0.014807728889
ck_d7c28eaa05bb7144,0.003642520589
ck_320df984791a1b99,0.013760189833
ck_f45bad1606fa00a7,0.005059129337
ck_6f81c199e986d9fc,0.011509882017
ck_d0c9633fed57c344,0.119674639464
ck_a3c25d6cc7478068,0.004006828812
ck_4185506d12cf9fa0,0.003547963101
ck_7a02ee1bfba7353b,0.026807993689
ck_1b52590757c0fbeb,0.028873279688
ck_a0e5656e1cf9cbf5,0.001638009946
ck_ace21f6daef94f6e,0.006516041304
ck_646d8d0834782d6a,0.286699940673
ck_1f136a4476b5e775,0.003774151611
ck_325c7643cce02da3,0.030128125353
ck_9b5e7fe28208f5d1,0.005826403930
ck_05d81b1a150f31c5,0.006958181455
ck_0e9ec486bff403c5,0.014869269930
ck_ee13c091bc379188,0.011316716578
ck_f7a7f8f5903617c5,0.007730304560
ck_96c3a3517153390e,0.012218866132
ck_538dad7f096458ad,0.022641069731
ck_8758fc6622bbb7df,0.024555698646
ck_f7e53af3c91fec64,0.007122943563
ck_80b50fad7f255e1d,0.020967257835
ck_9645e7adc08631b5,0.006120202628
ck_e007aedbf37d6ec7,0.002332604977
ck_2951d76c41de2569,0.100649236353
ck_9439bff87e616d4a,0.108409790667
ck_a73045e96af0e4fe,0.013804393265
ck_7b382e533e2e925a,0.027029931065
ck_730226c2d216cacc,0.126327931486
ck_bdf837d761a7cec2,0.205380650622
ck_0b34197335ba3341,0.031256000300
ck_49170c4b31a20f5c,0.005076211890
ck_cd553ba6589d8bfd,0.016611825001
ck_56b992c6f136fa5e,0.010761577489
ck_8beae3d7328fa41a,0.028623080191
ck_1a065ea906ae3d6a,0.008937690931
ck_e9e3381d5e0e5051,0.001514516528
ck_a6d4f998dadc90c2,0.723258010747
ck_d36733da917115a6,0.048278732562
ck_e738e920bbd74a7d,0.013920437444
ck_af65eb885a51048d,0.002706142353
ck_73f4eb09af29b1c0,0.039076242328
ck_8fc641b1750a2542,0.050501415876
ck_41b954c7a948c060,0.021429355848
ck_25fc3010e8a0f6d7,0.055284917919
ck_a2624e0387974e0e,0.018276242002
ck_5cb9d7b2329d5ab6,0.007861236922
ck_6c83aa1d100a7cd8,0.045571686053
ck_67025c64588abd1e,0.017884444182
ck_f5dde68f6f0468e1,0.013098644398
ck_46bfb2cfc29a6d2e,0.045961352197
ck_49dddb894d33f6db,0.035766308866
ck_f738b633b8862d18,0.000586021270
ck_3d6c3c00d854f5a4,0.141064591055
ck_cdb8061d8d1a6c5f,0.025113450907
ck_5e1b81848718bdc3,0.030516391323
ck_8def763034187436,0.008350373445
ck_8f8e4fb9c6190272,0.005996583617
ck_368b968b5f33431e,0.007539831802
ck_ba7e347251ea399b,0.014287134446
ck_9075432001a64e75,0.009859636054
ck_73c5371635aca173,0.674332172461
ck_81793387b38047cc,0.014219232640
ck_0cf220816e320ac5,0.003807329586
ck_820219bb9c761b52,0.007059937455
ck_70a932ab39d86a24,0.001863461272
ck_2c4be237a7ed79c7,0.020771833966
ck_acc764b49ef02826,0.460405041216
ck_74c3c3452e4e7cce,0.003532749506
ck_34dfb57e5bf31d2f,0.061276915609
ck_6ec39903f765956d,0.023846046318
ck_5986119e7d81e831,0.006409797212
ck_2ddfc948b8eac752,0.596246274603
ck_921ff5ceaf40a968,0.041858423485
ck_fb3b68b4424b5f92,0.047741849876
ck_c3db1b3ad4f16679,0.007813730674
ck_124a197be41687f5,0.014909724145
ck_c58d9151834f5bad,0.016585758846
ck_389607982eb6b701,0.677943067414
ck_fb0c138c003e933a,0.006396941360
ck_50d0bb7edd8c69c0,0.044706393571
ck_c6cb651149dc9a8a,0.004058559987
ck_81e21354e477eceb,0.037751528374
ck_7696e38b3e4197b0,0.004122461095
ck_586001d3ed9e7fbc,0.005568410074
ck_bba413492dc46f2a,0.007250529173
ck_95b894380ad2702a,0.056231676435
ck_277621473369614f,0.996377108235
ck_a50621b5eeca84b4,0.001188270622
ck_bfa7ba218b988cde,0.009455662732
ck_5ea89567dfe78e4b,0.014047741408
ck_6c679602a6476ab2,0.027273674510
ck_d3885e286b3b11d2,0.065536982404
ck_cdcf6671b37c9c92,0.010967319602
ck_b5c93e6d34f8d366,0.011451197474
ck_c24f61925dc158d5,0.167362035382
ck_cd09375e6c81d2c4,0.008412575637
ck_a95afc7a00303a26,0.039931587119
ck_8e89ca8b39f3f8ad,0.010866159393
ck_9a84b396aada3fa8,0.049507076901
ck_5124a2e415384945,0.048137733917
ck_d66bb1f063357f99,0.015839694132
ck_0fd9312411b0ac55,0.041306336647
ck_ad8cbe6e27e47ede,0.020592847525
ck_8398adeaf41f9cae,0.010622628698
ck_dcf851e7bb5855d0,0.004603300332
ck_9affb0f26776b642,0.001900955596
ck_f0424b3b36bdbef0,0.045697962465
ck_66746d1090d6d9e9,0.002742313250
ck_e5f8c8a5824db594,0.012598601464
ck_3e91dcc209431984,0.008010374979
ck_126a82e8d42e5ce6,0.012919074729
ck_38e4a74ab256e2eb,0.009979477028
ck_1225a97fc413a419,0.038214872337
ck_9b5ec0f78e160e65,0.007610011728
ck_7c5529bcc079600b,0.007519526099
ck_29640fc2fe81c251,0.300536154219
ck_160e9ba0a3f7c1fd,0.004460374258
ck_bff090cb4ab76b9f,0.096832148973
ck_aa06ed358e43db69,0.185643778074
ck_7264486eb512d84a,0.016831716730
ck_f5a32e6160b28379,0.014680889505
ck_4ba8bec14c2217e1,0.002271005479
ck_610815786d729d2f,0.029609500918
ck_e267999226b6321b,0.002334429173
ck_f3996a3c8eea1ea0,0.015510820134
ck_e9b75ed7567a3f23,0.033664720255
ck_d21612d48bb4f7b8,0.011421512859
ck_1f871df76c6a995b,0.054355855248
ck_953bd5de48ccd70f,0.407986217907
ck_02a9104419a6dbaf,0.020625394142
ck_1eeeee651e05d535,0.065943021558
ck_e2ab04136a442a98,0.008809192028
ck_f0d806624ef3d359,0.006017084496
ck_4b68b38c1b3326a3,0.003664879152
ck_74e60495f8861156,0.008157774058
ck_398f3f4cf05c721b,0.015549619015
ck_f761b7650a0c1a85,0.271159908179
ck_7dadef33f5e2d94f,0.996210595714
ck_6ff6883633b8c7ba,0.002463499695
ck_4d2159603045109e,0.011881646187
ck_a38bd07a5fac5c9a,0.015983660445
ck_f517f06551e69507,0.001039835225
ck_a7ea00a1760ad561,0.996499705688
ck_31fc51d5a3dfe16a,0.010000742207
ck_bac5233623b25ca4,0.004033248468
ck_385188ab27784fe3,0.049086755525
ck_9947a323bab5cacd,0.063300626556
ck_7973edc9f22ee7b6,0.045122384770
ck_f97c477986043755,0.011070116974
ck_1a3fd2cc4b4de196,0.005345532671
ck_e18ac29ea62cb435,0.026939190152
ck_9720a472a3e0140c,0.002450467521
ck_668c7fc7d7e47c0e,0.047783850113
ck_214af0806470ef48,0.006447890158
ck_a46c1773f01f0be7,0.040073211880
ck_f2bdcfb4203ffdee,0.023432621600
ck_40e84e6ffe788a4c,0.011291849390
ck_dfc6f5712d8d6678,0.091211502893
ck_01ef1036b2e66a4b,0.002668205767
ck_3acfec10eec32f9c,0.007369119105
ck_084a85145c15ed77,0.005292485493
ck_fcdb4fe2f095fba1,0.072590568527
ck_023908db0a193076,0.116880041303
ck_fec0ff92fd622253,0.008615066180
ck_c009c97d5fafbced,0.184617204622
ck_eb9f0c06ee017ee5,0.018397131125
ck_d7792b429620fc24,0.004039845969
ck_5e9e149a3b69c726,0.007696241585
ck_ce927322ef8f651c,0.013062067765
ck_b8fd61a8e82bce32,0.990887823177
ck_9aafc33fba1474cb,0.001784873985
ck_ce81ff9b8b35562f,0.094660352316
ck_25bfca1d8eaa152d,0.005478683428
ck_170c65860e2a7e23,0.042462176339
ck_952da7ca9f33decb,0.236611301105
ck_1ebd574406235957,0.015756638320
ck_589109a188adc2c1,0.010543796127
ck_f0cbd5383bb07778,0.047449328505
ck_242521e261148fba,0.003185769208
ck_509cece86a558de4,0.033352614327
ck_0dd7c5925d28755c,0.003490212568
ck_a7e669cf1c3985aa,0.017278702815
ck_acb84dc2351eeb76,0.007276422038
ck_b837c7dac2a9b931,0.024024571530
ck_18eb1f9181f95df4,0.002706671836
ck_b0b9047dddb1ec84,0.138860927770
ck_43aa136bdb0a2832,0.156434150479
ck_3e47f8c56c811700,0.016692837340
ck_77c587d24695ea15,0.044036250270
ck_20578ac693ea4e93,0.021522348235
ck_b9f6040eebd1605f,0.043276559778
ck_ca9d86f65cfdf018,0.083897648679
ck_a4fa8833995c716a,0.083458525932
ck_f589f1e29301b5fd,0.007024155763
ck_961ddb8ff55d868e,0.000773483849
ck_5662492a54e6688b,0.119796645805
ck_ad48826c1c26eb78,0.746207689217
ck_621c9ddde6bf2eca,0.014341613403
ck_417a3500b2c717b3,0.023144131821
ck_c7e129058beb3ac1,0.010987182849
ck_ec1c902b9b9b9c5f,0.187212961630
ck_317360ec0a67d27e,0.225206930418
ck_3e3ea5d8c4a229dc,0.063720991816
ck_d11d27de7bf0b973,0.006727092826
ck_d37d56e931105db0,0.010475357177
ck_4863077723cd6ce1,0.004023365782
ck_479a065d5903e9c3,0.010281276111
ck_e66ae4fd586fedea,0.000583884073
ck_192bbfd0d5720134,0.002505135918
ck_3b436cb29af99f3d,0.011019543857
ck_7c7ca54969eed187,0.021213281605
ck_826ee896c9f1144d,0.149804841135
ck_ba1f6dd43fc8a0b1,0.005812371413
ck_49685deb63e4e8f8,0.008007340500
ck_687ab5d5554bfa79,0.005024579722
ck_41346ccd9242cc8f,0.001708261572
ck_8f8e5e2b9dfec3d1,0.020819872967
ck_94d5ce61a0c50465,0.005940265855
ck_6b954c75aad8c012,0.021777517609
ck_748af92828c9d288,0.019386998105
ck_dddd14091ce812c2,0.005101069642
ck_723323f6870fab59,0.046516745917
ck_dbdf8d0708cc6718,0.008105852119
ck_f04938570a154de3,0.010318311521
ck_58afa1550b3b5294,0.012661534380
ck_3b150afde386ecff,0.011829255293
ck_666b95e75d99ec4e,0.816864011070
ck_e00332597cf1eb24,0.034158167026
ck_9a9e3dac79280d7f,0.056849368105
ck_e8d37262e859d9a1,0.015455276701
ck_895bb39d24bc1c4c,0.003133620275
ck_b367449195e36499,0.006803031577
ck_d23f9a50d1135ce1,0.106963079830
ck_670dc4910cf476c2,0.005714892370
ck_3ecd8a5ce65e21ca,0.006796186941
ck_8584fea2df4c6317,0.031339479100
ck_0789ff4562202b20,0.012412395779
ck_749e0e50c3907be8,0.012520587156
ck_c3ff6790cc6d7e34,0.016800690304
ck_75fb7e56432ee4b2,0.002827634933
ck_529fc3170fd11abd,0.016249463842
ck_34a69b3b4a681796,0.114523086180
ck_255f0e5888ae9e23,0.027891372515
ck_65be698386474170,0.006151543101
ck_5eec9ed855c26000,0.020152315776
ck_5ab39bdc9610f6f3,0.497482996518
ck_1b5b75762f033462,0.009669124955
ck_d3e208671cf37f91,0.927608599739
ck_5068ee554ceff971,0.010183737663
ck_d7d50fb57fcb2d0e,0.003872280385
ck_ba6e1115fceaa067,0.042261048544
ck_d07bfb16a4a7dac0,0.811478055999
ck_ead68310311690c8,0.050862096535
ck_ee53ce862bc9c111,0.008950664243
ck_97e56e6037024dff,0.004959561512
ck_80b04344c98ec072,0.001932316492
ck_5954f45a2ab45f43,0.018932273459
ck_18ddf7e836256e3b,0.011495266136
ck_89a1a780144d808b,0.005390719018
ck_a7331e8b808c39aa,0.054911357369
ck_a1fd0ad03ff9b776,0.022372556084
ck_c0cf50eef030b401,0.003815495876
ck_074f20921189e7d6,0.006699882753
ck_e2aa7be60794593d,0.035613622394
ck_72771757dfb7f7a8,0.023803163943
ck_a9cd84a6dddfe584,0.014452449823
ck_142c00f9f8557504,0.027800885882
ck_221b5d40358230f4,0.003524387377
ck_a2d7a563f520b7ea,0.007803990063
ck_66cd34bc568d95e0,0.016617750490
ck_a17128972d3e507d,0.002842782685
ck_bda299466bb2136e,0.005947485754
ck_2b699066665abe8a,0.012984943043
ck_0ac9848bd4ba0c14,0.006443038187
ck_98d2f9a6ba3a3077,0.489893880812
ck_a872df31b28a5f7f,0.157312872850
ck_7e73e1d44ce82ed9,0.016224114058
ck_1a415416f620d49d,0.006290659398
ck_c95c786d2f8b8edc,0.002637625804
ck_e45012f22b7f91d5,0.005976752108
ck_aa0b083e2a6813eb,0.017834091145
ck_4666232ddbf77756,0.031935051380
ck_e08e9c8ec5f23d8b,0.009506298719
ck_31d4c0518e5f52c6,0.002947035063
ck_c1ab40638f04cb02,0.009836423163
ck_4c1fdd1669c7cf51,0.005557627343
ck_11662cc7940ffc82,0.042039171221
ck_2e679af24adedac8,0.005891376512
ck_454b9e21b7f25a4c,0.006942840519
ck_355c4f29089731e8,0.152585946231
ck_507e40760a24d2d5,0.032627876939
ck_0943e0f305078e34,0.978005393259
ck_abc54ed7111e9ed1,0.007134149531
ck_a60fe02fc04407a9,0.011946578816
ck_244b897bb4d57c1f,0.002909422896
ck_8c84fcde93a04334,0.082752612194
ck_9eea37d2de633b27,0.044612542466
ck_b2cb9e6610eca967,0.008863748119
ck_09aadb4c41b166f1,0.147368699336
ck_8d94fbb4828ef326,0.044907983651
ck_089e3a07abbe3b8f,0.007945806339
ck_dfee9de05e3971cf,0.013012297474
ck_6abf8302ce052451,0.044982129794
ck_6ffa90143838a4a2,0.009332169678
ck_325caeab5c7a9c3a,0.004392347903
ck_1964ee9db929a173,0.821937797549
ck_942b95988a6245a6,0.025790093836
ck_913ecdeeb8e21a9c,0.009081896452
ck_ecf9794349eb4b3b,0.030788710017
ck_b6cb8d6ae828eed1,0.027003108017
ck_2f82ea66c4f53b33,0.144287450398
ck_6e676daa4855b58f,0.072638354122
ck_2a37fef48b44e9c8,0.007388126237
ck_3bd12d468fdc2450,0.008970960031
ck_1a28b6a40a6bd3b4,0.023206563113
ck_61b79dec96d15713,0.003586661276
ck_31d5e3daced93d3c,0.003745357118
ck_e6c8611c0cf233d7,0.013263165352
ck_f04761b4a937ac3b,0.004724084482
ck_38c1c75cf055031b,0.042422979135
ck_59a561f3df01441a,0.006381075416
ck_04e40f556a5062ef,0.003818974169
ck_8409716d174635b6,0.030177122888
ck_3019afee83342701,0.012770399236
ck_b51a58e7f032c9a8,0.032385366389
ck_5043e474f848346d,0.012734123835
ck_4388abce33ecd01b,0.584121886409
ck_c93def7392f0aff5,0.052741318905
ck_72e7b1acc19df820,0.031587510321
ck_f253130dc3ca5b3c,0.008437307563
ck_eb264d1b180d4b4c,0.080275957908
ck_c2504f5a113433ee,0.002631064652
ck_c16ab1e4dafb4910,0.125397338249
ck_4bc42878fa180991,0.019152926887
ck_1c771a7c78f6622c,0.031189692106
ck_d523f0e50a2747ad,0.003370995691
ck_9060f4e7ab7a1b0c,0.004917037194
ck_6b55ec4e87a5e22c,0.061159592362
ck_55fc62a5f89a7251,0.029209508094
ck_bd2545c62f258231,0.023586529805
ck_1ccdc69d0bb712b4,0.005074573384
ck_710f867a3bd5898c,0.020975169191
ck_f91d48c40337d375,0.015165114328
ck_f76d929541ed41dd,0.053093813098
ck_e26a6659c237b650,0.008716307141
ck_184983177b73dea5,0.011606762815
ck_6d0d081bfa8a0022,0.027551031382
ck_2f6e64f638da0f97,0.010629147108
ck_15b93103ccd38609,0.014427697802
ck_094d10439b7b4eac,0.010665639637
ck_d2ca47180a926ba2,0.014723736646
ck_a69ca7b9d70972bb,0.006899239484
ck_68914e67343a7d32,0.006687651991
ck_8176616132458c0f,0.003231207538
ck_eee99af3598311b8,0.019496790029
ck_94410eedfca91304,0.024509027797
ck_cfb11a0a2325bff5,0.002882409914
ck_75217ee144b715f8,0.043091079757
ck_d56fc799542299b8,0.001826018686
ck_4c352dd3e7c81269,0.019984752586
ck_e23e50e02cb3904d,0.018350824204
ck_b921af37d500e139,0.005591855846
ck_82181b935360dcbc,0.991995169158
ck_22a7cf3b99c5e5fd,0.014062876606
ck_f67ee7910d532216,0.013428368035
ck_5f48762a14a0326f,0.009831630442
ck_1757fcb0e6e3f88e,0.091075616408
ck_2c2f080ba185016e,0.059105804923
ck_4c25570eb72711b8,0.008892123398
ck_a3be871ca22ac416,0.004027907251
ck_ab70961e7c6695b2,0.004654626780
ck_a1cdebfc42a52448,0.009865097097
ck_f1b80b821a20186d,0.049643093277
ck_ae668e4564cd2aa1,0.029354053988
ck_0e2bc3a5afa439d8,0.044780378723
ck_3dc378f37d0b74b8,0.029174821133
ck_9f9555197480d1cd,0.056394670002
ck_bf4e7d48770a4a8b,0.058276424293
ck_614ef655f0685060,0.011025614858
ck_04d2ea38ee27770f,0.036835960378
ck_e03a9d8ac94161d5,0.011120049461
ck_d4007b5b26d9d854,0.002927544457
ck_2dd147ce6d61749f,0.011741787244
ck_ff45764ea7d6619f,0.011525475624
ck_dbc487cb0a6c18da,0.595144314986
ck_791d5392bbd80447,0.019866199078
ck_b4068439c413b150,0.040127223565
ck_85df7b7de9700aba,0.020680014853
ck_001e42551cd06e40,0.009981352958
ck_a6c02ae50932cd9d,0.014745077577
ck_9fd0be2c018ff5e4,0.052415309774
ck_32a495128395fde5,0.006463436725
ck_b6f2a2fd232c141b,0.318831975298
ck_28dde633692904b0,0.052827210658
ck_a1a93c5f375f6021,0.002799623225
ck_e3982142336782df,0.018799061706
ck_a9812ff3c111ea94,0.019789852463
ck_f04062216f95fa00,0.014782085846
ck_7c560467daca735f,0.002061324766
ck_76ee10d6e2dba70f,0.054789663678
ck_3521243bdac61178,0.010951944557
ck_28588fb03b320520,0.019524121521
ck_580dcec33ec232b8,0.040414051786
ck_7109923fd7dab20a,0.007025380796
ck_7c872c99481c1e9e,0.022797164164
ck_46f4e1f5026f4d1b,0.001029766146
ck_00d1ebc31ec4653c,0.009549967897
ck_aac70764dde15168,0.011889059443
ck_648c03f9aa4e45f1,0.011615226273
ck_5478eb69ef912785,0.182832616385
ck_79b8523137bb2603,0.034189513047
ck_795c49f312640019,0.001916512793
ck_89184bf7b7fe41cd,0.488082579039
ck_97d4bd922996fa10,0.093669516395
ck_1cef30d08f3a598d,0.003677265046
ck_2f9fd36a4a40a6a8,0.010754855149
ck_40780fc0f8d6f309,0.019656848624
ck_9083ca9fec2a7f4c,0.011321453013
ck_62081bc35aa59931,0.018170897981
ck_2e1b46c5fc56b863,0.091338832142
ck_3d139692c51b604a,0.086794553846
ck_b5e54e22e3d6960a,0.006986996613
ck_c0c4be3f44311b04,0.006317340999
ck_82a8bdd2692c2a5e,0.002115582698
ck_bdd2da300b530c5a,0.006743321835
ck_ee40498cd97183d3,0.004267799361
ck_70b9274473bd6dfe,0.003838460112
ck_473d6314ea614b29,0.004216105530
ck_7443d6dca8cd1352,0.028474612784
ck_3b49768b448b071e,0.009931234926
ck_b43f04431c267dea,0.004085274170
ck_4424a5223ba2fe00,0.007547735433
ck_819bf3e8231f4081,0.013408925207
ck_91d417507a8c58cb,0.240806091095
ck_e88e86b19cada4aa,0.043869638325
ck_59684167f9c6bf4c,0.073073437387
ck_d5f5b0dc97b9dc27,0.123613905388
ck_13d1b192bbff8f32,0.009798698895
ck_b21d8630387cabce,0.004872324935
ck_e4ac22046699b99f,0.002283923649
ck_74b848064f2ff45d,0.003148536890
ck_166aa980cc87fa77,0.179030502668
ck_98e337806104dd88,0.006146564800
ck_66eb09be007f0755,0.013265710254
ck_3ec9b9d8dd7be11c,0.010251310648
ck_8b8b9de339d75d0b,0.008083991507
ck_6715139e240007d9,0.001762494412
ck_a0255ab46e122d2f,0.003752274361
ck_66e81a4190c33510,0.002937221577
ck_5d75ea4f5c9080bc,0.021014766347
ck_df69858b8a8b3165,0.012291385740
ck_e15252ebd7553422,0.011604984280
ck_34d6d74bb3ed11e5,0.003931735917
ck_c2608f78f6851d10,0.054738036301
ck_bb99071e8f58c8a4,0.030142118268
ck_06010f0df5b7cef8,0.010455469346
ck_8c582eb0f6c0148c,0.002520690546
ck_0034d010d28aea78,0.017922149897
ck_01c1f06692566ca1,0.005325905439
ck_4807726e797fb893,0.027914031069
ck_edc9668282e3c8cb,0.008835672749
ck_5486768475af7bb5,0.675878727270
ck_3fb9813849e51837,0.005961606564
ck_861af5a9a9a6d619,0.007384086688
ck_da39653add0f1109,0.001783223312
ck_74a4244eb1f162e4,0.001428465759
ck_9a930faade55b8ea,0.003923564712
ck_fb6e06ca88519dcd,0.006812731335
ck_9776cd8263a9f415,0.017792338565
ck_b3dd1198ac5aea73,0.005010848162
ck_b6675a04df1a4276,0.040112105735
ck_5c7ad6e731b69333,0.163888680451
ck_28dc0fdbaec00580,0.125551489803
ck_8e7a32f7e3905f4e,0.015996852405
ck_8563fed6674afc77,0.003517348944
ck_9a2fcccb82da663e,0.008370099746
ck_6a519bdac0d94527,0.011480898635
ck_a0dab7aa9c4a39a9,0.009004311181
ck_a3ce05e9e5e32142,0.002788771374
ck_7a7e40ee3f97c035,0.305425325368
ck_9e9a830785112a73,0.043826112954
ck_ab1bb02f6b189304,0.425364043309
ck_7b8cb0f90fbdc8c6,0.004925904969
ck_b138fc249e659e60,0.008704170289
ck_e73caa3771ec5e0f,0.019960991536
ck_18a55b06ccccd88b,0.027290667927
ck_fdcb1d9265d8fec1,0.067927321364
ck_e21a900556b382ad,0.020705076807
ck_c6bf67470f526771,0.011354308940
ck_b568ba3837afb39a,0.001009310799
ck_a2858979dd5645ef,0.001362231175
ck_1da9d40837ebaa57,0.026169654997
ck_9341c7959543c542,0.004767075254
ck_c8ad86806b9a2369,0.057206772692
ck_5c85d93ecfed4b0e,0.010773863009
ck_f07b09879d697b82,0.006987143371
ck_fe43da07608b1749,0.010080266542
ck_4bca22b5926b9c28,0.001294526319
ck_aba573aa942b1d41,0.008633834846
ck_57c14e32fa4683bf,0.008211888759
ck_891530b489ce402b,0.013225097087
ck_5e74fdadb93ff293,0.029034415138
ck_14436a409ebcc90f,0.010545288535
ck_00013fdfa0bd37dd,0.002230067638
ck_7dbe24ba01316775,0.167111107580
ck_0e3f80c1553c591b,0.022749914977
ck_3edc45db58760d76,0.009926066559
ck_29076a13f539187a,0.528506341077
ck_b1e81b58b9a545ce,0.077550291587
ck_3f8571d4f7420b2a,0.016049925229
ck_7dff6abe4bd644dd,0.668436073699
ck_2884bab237af16b7,0.008733343244
ck_231e6dd1fe708000,0.032556129438
ck_33ecaa7b892e73df,0.004480368798
ck_b109ec4c63503030,0.011480459829
ck_a7f522382509cef1,0.009321657190
ck_748b3ea941d8b3b9,0.022755175495
ck_29f3a1737a2d9634,0.021824449519
ck_cee8d42475a0f020,0.003879485046
ck_c6b6ebe145a8ffab,0.008138973421
ck_21c99e1d6b881894,0.005218494804
ck_5ad798286384484e,0.005664634773
ck_b621b6ffcc7f4848,0.005589549415
ck_ea819e337233475c,0.052363397259
ck_9e3896c2668ce06b,0.021061829802
ck_501dcf1ead036d2b,0.041295725385
ck_8d5eda29a2cffa3c,0.022395179994
ck_4d3aa36ff83f1132,0.051867776684
ck_8e9faf94e3e6c757,0.002649261828
ck_ce0ec41f96951048,0.027918571447
ck_f09165d73ee903b1,0.004217533665
ck_a432b1bf1d3b3d5e,0.229947233644
ck_ea618f720ff0b4b0,0.006481786562
ck_7584e7bd755cb28a,0.006845993372
ck_e14681aad43e1a72,0.034477696450
ck_5e18870d8e30e379,0.012095187385
ck_ff7c26a62bda8089,0.003356434367
ck_cc5a35175d381d5a,0.038658292964
ck_3c25029e40aa8a84,0.006825264426
ck_771247b5bc16c12a,0.004446359346
ck_664b5e02759f985a,0.001926369182
ck_692a9e8f504b9762,0.001225270177
ck_df8ad2deb0a4ffed,0.023023645110
ck_eb48c0bcd12ea654,0.026817159088
ck_7c77e597c951cdad,0.013054487555
ck_4f75144c6f3b13ad,0.007130515944
ck_1bcff399166d7c43,0.002621769734
ck_975c2aa3d4a8c51a,0.020622191549
ck_bc6f07b06aaa4ce3,0.209935038276
ck_80b072b7f3c7e8e5,0.005698490513
ck_471e4018a23b4e56,0.020622293926
ck_53cddfba570b4a3b,0.008031065116
ck_630530e50764f229,0.006655383093
ck_dcef7887a4f1e435,0.036821716924
ck_2795921a055643f6,0.003123168027
ck_7456df89f3792235,0.003167692834
ck_5014a3b07e1f049f,0.482986503877
ck_d4ec44760cbe03f4,0.010071759422
ck_96810ad39d4cb7b0,0.016691231442
ck_3222ea25aa29bfa6,0.007556979529
ck_f6c42001b84a10cb,0.060308113065
ck_5ac86682385c86b8,0.004755798730
ck_4280c33af57eb4f4,0.004083505567
ck_05f79ddd8eefaa56,0.006056352053
ck_3a57a13ce032a6fe,0.008225040997
ck_a721f0d635fad68a,0.011636878568
ck_a3f821bdf408c326,0.006237944883
ck_0ada63008be5685a,0.028043833273
ck_8c949bdc6e8720fa,0.057563241712
ck_c0d2c56f9c722e99,0.987392828273
ck_5d2b9e6e087b8dfc,0.997209338680
ck_5217b55593a332ca,0.208480886108
ck_7a7bb9be5a7e48ad,0.013941344367
ck_24cd0d779e866287,0.009686017576
ck_7367917891a63771,0.029701563730
ck_4b31a8862a857e6e,0.914017165306
ck_81429c4910ca46cd,0.002646335006
ck_b35d803568f82d9a,0.019957349484
ck_4b00e75c2d2d0522,0.004001030534
ck_77fced07f6dff42b,0.019955380259
ck_3c9a06eb07c300e4,0.001661227847
ck_b3867f7f494db64c,0.005487579587
ck_0c45e54897ab34e2,0.030852684494
ck_507a6a580ab55c76,0.154758396154
ck_291bffc7809f896a,0.013733195269
ck_3753cc5b9d02e2fd,0.005845556216
ck_4f63d5245b3ac1dd,0.021291828004
ck_9dfb2ae78659240a,0.022532259695
ck_90f6f5ced708aa75,0.002229371486
ck_8b5b5a6b5539e39b,0.856340670965
ck_4719112b55d20161,0.012446500526
ck_fec888a7108ca52d,0.955634500182
ck_4f5d022c99f118b7,0.016435622838
ck_e967ff05514b697b,0.042049842764
ck_839ce35819bfa4fc,0.003513955953
ck_bdee1221b9addff8,0.005918757847
ck_9cde4036d0914427,0.011567546467
ck_5ac959cbcc5e98f3,0.002673804925
ck_619842688294dabc,0.006309183042
ck_7373d7b04c7799bd,0.009922003455
ck_c1dd3feb9a0b6471,0.010688959295
ck_0324a4812ec319c6,0.005525411213
ck_7f3685aa2933b251,0.045442052140
ck_06aee5a62a67a84c,0.155007252188
ck_3428910b44b9d08f,0.034078831920
ck_c3ba7534cefc1de8,0.010373632188
ck_1f1273a67cbad5e5,0.054201976857
ck_124565a11b2f8bb8,0.004408225144
ck_38e46bc861e0165b,0.005173428247
ck_c8ad3f01319c065e,0.042511394009
ck_3f94a34f5038f7c1,0.155103473996
ck_cee56be5a502fbd1,0.258305635730
ck_2b90b76cf4d162f9,0.014729248089
ck_884b2e463ff1d54f,0.018897588866
ck_fab4f2f8531b4827,0.024120581343
ck_4fc6256e0e60a926,0.076737020424
ck_0a2f8b2f8a5b6f02,0.006106834219
ck_9c0deab8a8367c5e,0.002405173981
ck_d3a2a4c011fa2554,0.051443379648
ck_4108b4038f762817,0.296718878569
ck_4df036e2aa7e1056,0.011602597583
ck_ec094eb1cbb3efc5,0.011031466291
ck_09f8f51bfd2492c6,0.019623616704
ck_b60fb9a10d6f4489,0.022770358198
ck_3638bc3388dbc1bc,0.091225548597
ck_7a58e0cc9943c39a,0.039555094838
ck_37dab6a0a536ed49,0.016478693882
ck_adc576690df5b33b,0.008107536549
ck_1383b2b1875000f2,0.003023307520
ck_43c1248db37a2eb0,0.001979327630
ck_29c11bd68858e923,0.001605161343
ck_9401f9e11f65337d,0.058132503084
ck_ce5ed372b1a2ed6b,0.025578799673
ck_08b4619490e751a8,0.931095561138
ck_44b9125526acb05d,0.007014880402
ck_ef1a1de20d2124cb,0.035208060080
ck_e5e2624b7fc89774,0.033160414959
ck_f5100511609b92c0,0.017373800357
ck_64f3bb17101b7c42,0.005754137190
ck_ea1e5b5128ecba2c,0.012873245779
ck_516163fcf04d5e77,0.007000062471
ck_7f9a748110d70005,0.006828258292
ck_d263b55f0a681cce,0.034746781529
ck_0e962eacf98a813e,0.001561840148
ck_0406931800e0e2e6,0.023111013456
ck_0e9b982afc88a3a9,0.998016140924
ck_8bbb625384edebd7,0.012677141550
ck_5eaeb87bf6207406,0.920199393890
ck_cc3318839c4b0745,0.004968792332
ck_08a0355d1f1890ef,0.009159668357
ck_af7ffd1a822460d3,0.183685178572
ck_2a09c7aa870edb6b,0.011720672300
ck_bc04f51c23290bcc,0.005314536931
ck_d3a8333cb389f4c6,0.006316825720
ck_88e3dd3039508332,0.021695408485
ck_b8c7771de9b57705,0.016843231824
ck_585ababa02383b50,0.004324621508
ck_e988c108754cee9c,0.013733778925
ck_4a691892d9d6cf89,0.010912626168
ck_7cdce37d895eefb8,0.005300694610
ck_483fb981a1fb4317,0.003414294403
ck_c1e5182bd99e0e35,0.086308177852
ck_9a1e3ec9a1839939,0.007453131880
ck_5c3f13de0dbd5086,0.008359166423
ck_f4f6f0caaab70040,0.008865522319
ck_791be3378dd7d64c,0.009530662254
ck_956dd784525f5886,0.021495670115
ck_098167eaf124c279,0.009908212145
ck_33ecff7914349ebc,0.019798912833
ck_e05d44e46c7174e6,0.003036414990
ck_1b2ce474fa6582b4,0.043335448549
ck_ab581082e8f72e3d,0.004539439436
ck_e63256667aa19070,0.013525844582
ck_f568772b6cb3febe,0.007002934064
ck_dd89a282375bbab6,0.132969275143
ck_a39d0bca345b492d,0.032021157097
ck_d12d2924d0f7a64a,0.017879644977
ck_6a548da1728b5823,0.991616472722
ck_6d64193681d2a94f,0.064108325137
ck_ced6b6dcdc7c201a,0.002046328178
ck_d1b0699d26282871,0.035810784430
ck_58f757e40a9b8877,0.177412857353
ck_3272c2c4a37d5220,0.695330673138
ck_d94dfde9e03c9d1a,0.015576664109
ck_08a6d4903a7fbaca,0.017962324594
ck_6c72a36b05fa0f4c,0.007243882568
ck_dbb4bd4eda97255d,0.006013232002
ck_94b59bbc824b307a,0.012840504147
ck_0229a07185f15469,0.010327393082
ck_11bf1039f8b3025b,0.010173346122
ck_36789ca11459131e,0.012745905158
ck_8572c5f5c1447c62,0.018732158228
ck_9e75c6641939f4fc,0.034277926452
ck_b45e47c39d4dc7bf,0.021377661355
ck_02903c48b6cfd65d,0.045694381362
ck_b153386f1729de81,0.033106558174
ck_36979996f33498f7,0.480755383897
ck_3c02d4dbbf6716b6,0.010306499048
ck_66c9a19963957531,0.034835099367
ck_bae8dae7cfd8baba,0.001693589469
ck_bba0ccc6cd968680,0.026441657764
ck_3267fe3aac05c71e,0.054635663983
ck_40052cac10562cde,0.022184338710
ck_d973444855403e2a,0.002500722715
ck_012519bb095ad36b,0.987490040828
ck_ad7c256ea10c4a00,0.181886635039
ck_70a60e095e9b706f,0.003436966260
ck_f2734417c0db4ee3,0.002199640911
ck_9cb89cc3178e0172,0.009450556067
ck_779cc0f2de4d5488,0.099235441250
ck_35f8656bf93e3b3d,0.007377171821
ck_bdd8eba728800e29,0.020813400841
ck_002cf760d173f0f8,0.014749040362
ck_b046067c6ca3831e,0.042474004867
ck_a4a42d4bff8af645,0.005411062326
ck_bce253d2396681a1,0.008667721400
ck_00dafc060c8de32a,0.023346259969
ck_968a99e097ee78c9,0.068432620161
ck_66949171b387bb93,0.033955162317
ck_ad305286702b1958,0.003977557705
ck_4732da7e0d2dfc7c,0.015665218968
ck_17a95bba77217d85,0.029826378502
ck_3e2516a3e35067e0,0.003594672223
ck_0b615ed566da1f58,0.011898503993
ck_d2b3ce1ebabe9f93,0.039087297564
ck_a892252e4e0c2828,0.002304833574
ck_cf606fd6ebfdf9bc,0.028037945597
ck_718865237134ebe8,0.007060238161
ck_878522cb775b904c,0.020333448381
ck_9ed53de6ef779ae0,0.007167798719
ck_3f16e2cd7e6874cc,0.005087801898
ck_3c59df37895ead2d,0.004789381382
ck_6821459b626d492c,0.009592075984
ck_11c7667920541587,0.004010278047
ck_23a016cf6b98d89c,0.036623292299
ck_7137eeb394d200f1,0.012647103186
ck_9c4886c5c90ddbdc,0.009497509236
ck_1422a7bf7756294d,0.966577612371
ck_7ebc5fa7f0d3b8f2,0.005513958671
ck_fcc2059a8d5c41fa,0.108410841609
ck_00ff7389d6a83e29,0.027489883433
ck_03129b41457795d2,0.010922006695
ck_38ba64efa7c38250,0.017423332102
ck_57a6b56b09bff24e,0.004402111046
ck_e3b3c5a80a567418,0.011756092877
ck_fc40a16adfced018,0.019857059550
ck_9d4b5e6b43bad4d8,0.007228974197
ck_61129937ee466b49,0.035019361304
ck_74112e47b8629c2a,0.046604024062
ck_b4703ee97f94d7fb,0.004521472493
ck_e560f720a988d8a2,0.064146751961
ck_708fea345f68037e,0.000769727743
ck_25394c1b83e0b803,0.059299631273
ck_17ab24fe914ae44b,0.005327226226
ck_16c501470d9bb006,0.008933445401
ck_628f449e248c19b7,0.032544561277
ck_6d64190623dea714,0.002821361574
ck_504a45ee08db72b6,0.002786737082
ck_6cbb011e0c70bc7c,0.002232187153
ck_b3225a98acd04f83,0.004383511247
ck_aa37993f1c17cd1e,0.066765371353
ck_558cfe5f77a55a9d,0.004617457836
ck_0d0a1a021efea5b6,0.025767604507
ck_daf7aea023b7a8f6,0.065956290316
ck_d75f25184ece2b51,0.014176432063
ck_466d4b5366c50b98,0.004479044266
ck_88f27ab479063852,0.016348023343
ck_66779098e78c1760,0.007528286371
ck_b150fe4efb449b05,0.004578107675
ck_9c3aa9f23d01fa1c,0.006695213536
ck_6a01c375fc26705a,0.003018961059
ck_002eb6552b504ea1,0.030559484537
ck_affa5aa0bff9bb0c,0.016995521038
ck_027614eeba8b1a4b,0.003488250665
ck_67e075c982add719,0.005173003124
ck_399b0d510be98bd2,0.009925409646
ck_e9b0bca7368555ef,0.016939383694
ck_59c29d9c57b4f994,0.039852092904
ck_37176850ed68831e,0.006595259142
ck_a0db4ccca08030c3,0.316574211702
ck_aa188e5c25f7f42a,0.023911411975
ck_7de6997178207800,0.002329436713
ck_c729d19053387be9,0.052728664506
ck_f2d3e3d90608596d,0.188040789223
ck_2db3fb565e0211ee,0.009517067671
ck_bed8a480e27e911e,0.012842689793
ck_d7ad9921a4d25926,0.024268287546
ck_2a59f23fc5194699,0.040494635203
ck_63601a58a6120d8a,0.026201499128
ck_efd7b9e22c6317d6,0.009068426463
ck_9ab42875a0f95b43,0.009394447968
ck_85cb5033fca7c846,0.013200377119
ck_5249b223000915ec,0.043750689279
ck_3efb0e9bf25612c7,0.004693576557
ck_678e74532ac19700,0.010063373881
ck_a980b296c95153f9,0.009969775779
ck_01ac687ce0d696a7,0.019849660842
ck_52e1418cf1aa9871,0.006781341450
ck_7d28da4f1dab09ee,0.069090964700
ck_010d0c2e6c1657fd,0.020952784522
ck_b524f7a2e752b9d0,0.005075551236
ck_cc447fcc24a0772b,0.417094173446
ck_2cb3c99845e572da,0.002270701146
ck_604c710141327a81,0.001877480701
ck_8d5fa65717d2e0c6,0.020056394995
ck_31199510b40602a1,0.008432156644
ck_49e253ea12f4e922,0.065641742313
ck_780738e0d71e7e43,0.043859632109
ck_2cd21137a07fdd7d,0.004153707058
ck_5e021f2a3b66e256,0.028061723550
ck_efbc79246e32c66a,0.011259057385
ck_9951bd806c13c7fd,0.015046894702
ck_7a52674e2806d8f5,0.030411856700
ck_1a319e509f1efa1a,0.002972431369
ck_c920901b9a4ba993,0.182434611075
ck_b71279e807d0b3a7,0.008515074448
ck_47e1032f490bb018,0.003615229174
ck_192579ecdca7ff83,0.013705592580
ck_b1496c474c4a3239,0.005855337069
ck_5e68ea2c5e893cf0,0.011539072452
ck_f2ecab85d4693b4e,0.277175511191
ck_89d7bfc81c3df597,0.002398665941
ck_7929284327667791,0.033221015949
ck_494ec63c5ce8e150,0.005467284107
ck_319b059bb2145586,0.031611403043
ck_ccb3767c239018c1,0.003395788268
ck_a1c7adfe26e09a8c,0.016819398856
ck_0e13c4f73818149b,0.027825369622
ck_c285a51ed6214f52,0.014453075185
ck_916784595f028226,0.057051094052
ck_6cd8e0196365c474,0.025822280637
ck_57b657aba4daffde,0.052410881456
ck_562c76a3753fc7da,0.895370619965
ck_66cfc1ebc9a513c8,0.002145588371
ck_0f38d4aed68d7d24,0.009888491370
ck_d8ddf5e99f7859e4,0.016339135818
ck_41bc3efa0fca700e,0.022563735277
ck_40799e129fcf42c5,0.104115567533
ck_786f079389126e44,0.014721854949
ck_bb4c6b713eb0b978,0.013268526995
ck_4f01f7eac0efaba5,0.000937326969
ck_47d29c01b20cf69f,0.010625702336
ck_bf15a1f8d67a30d3,0.012365754425
ck_bfecad7586f65e4d,0.008662249941
ck_fc9f16df35190eb4,0.590631756594
ck_c09c914e416edd08,0.093116235829
ck_c54c5d8e4433b0f2,0.009440887747
ck_1694c28f44480e98,0.045865971446
ck_1dcaa3078dbb7571,0.002616510816
ck_af559f990c640e41,0.003067285013
ck_9b436162039a77d0,0.018971009696
ck_79d62ef181bd0cd8,0.003607760590
ck_23caafc2cd34242c,0.013146873199
ck_ffe2aa26f597e552,0.007631069762
ck_e6ffd0754ac08661,0.004878442123
ck_beaacb4a783db21f,0.004674043724
ck_9863bff41d24ce9b,0.005163874089
ck_323b9cc5c49f8ea0,0.008400324660
ck_ab3de3d3e41c2082,0.004327763338
ck_35c93b2924900376,0.001169611941
ck_5a9d5f9901e37e31,0.016169199779
ck_782b0be796164335,0.024197858816
ck_11960b5f1c7a5e2c,0.002454336430
ck_9a66cb13a9884cc2,0.005058982694
ck_ba666a425930615a,0.005443843515
ck_40140bef4db73741,0.023024121445
ck_e05e91cc180063d4,0.026988993369
ck_c7f6f45710bc050f,0.009324713587
ck_055fb9f2e1c8c934,0.025639256948
ck_58bb02d98e2b9cd5,0.016340891143
ck_d9f8efa6a7800f76,0.032965480759
ck_69691226c68fd50b,0.203235418147
ck_6f2f0396e5b1c538,0.996723207033
ck_78bc3f1d0f35ea6c,0.004944927363
ck_2d5a6b6636a2596b,0.014555022616
ck_7878545739af0a73,0.008527704776
ck_03c4fa4f3ed3512e,0.008423018367
ck_1a9e51d092d62c84,0.137882776714
ck_9f3861940d8d873c,0.012000209922
ck_4684fdd61c6a0fac,0.002513554842
ck_715966f86d5c913d,0.011414905791
ck_77f293d44b4a3d2e,0.043297159543
ck_24dae044dc05f849,0.018888784226
ck_00b9818e2064405e,0.034258715469
ck_c1c2cb49c3c1b0f5,0.173587135088
ck_bed50fc64fbbf8ec,0.010443364578
ck_4f6ed5ea5ab7c429,0.043207676865
ck_458531c22ec2f9b3,0.008705824543
ck_51c50c4c443df31a,0.527764084713
ck_732d45bd578dc39d,0.009037940208
ck_783fe5bc20cd02db,0.031699606936
ck_7f188aaa63d1d442,0.001979195236
ck_ef307a6aee38d1fe,0.693760028726
ck_e37196b20968b73c,0.018565609963
ck_4ef9de711c3d93b1,0.068284208212
ck_17946516d5df71d7,0.078588512769
ck_3534be0f4efd313c,0.085096444518
ck_29fbabf855cabdff,0.005469877496
ck_191673540d8486af,0.011044517762
ck_5f52728d777ff2c5,0.031142609302
ck_a045a19369016818,0.997827492742
ck_4eadbe7298b15e96,0.021917305699
ck_a3a0bd59729fe619,0.003039377436
ck_a1e77090b1c6ccf4,0.057510385132
ck_69ab9d4784eb77bd,0.019524069064
ck_baa47383ffd50f04,0.003399535695
ck_e35b2ed08b9e55a7,0.004780445842
ck_b6e3af0a5119d9a0,0.021131967104
ck_a7c1dabf3869772f,0.036686820699
ck_80b8fca67a14e0be,0.112452747334
ck_dd9c5f0c42878e67,0.011314940395
ck_41ef7967faf5ce82,0.001313303379
ck_a93560aa348d6225,0.025339314052
ck_ffe91d6f0bd93fc6,0.026507194851
ck_fbf630c960194033,0.042810085950
ck_497ed60723283c0b,0.145298645920
ck_2a46b7ca55239413,0.004829572199
ck_1a4e5ace078dd782,0.008409540288
ck_616cc31910f5de50,0.003879434728
ck_0d65bc749eb42710,0.012389241856
ck_2408db62e4395ccd,0.013151548021
ck_5d7721930106dce8,0.015904683922
ck_e8a6acea22b20312,0.210556297927
ck_e2f792fae128b18e,0.046320971659
ck_e6d3ce445b86003f,0.015868236399
ck_263334d722ecbc97,0.497183134123
ck_8c5b29f6666d4874,0.036590812129
ck_7ea0bf310fc20c7b,0.455567111991
ck_54d463f7fd89ec3d,0.007366704627
ck_79e45040dbdd6447,0.034692568281
ck_60b4d59953505682,0.796430769327
ck_fb00dd5021642507,0.022117914466
ck_f409ff994a210601,0.039247106522
ck_2ca0020038bfec58,0.312157146585
ck_adf84b9df54c3d80,0.067870456300
ck_942dbf632591b65d,0.010365331478
ck_454a7e4d859a3409,0.003505675677
ck_2139062d4569aa07,0.027111276587
ck_e949a0f4df0b3902,0.106565712212
ck_bb113e3e6716ed65,0.014756318770
ck_6a28ea6ce69cb869,0.102955380276
ck_7df9910af2bba21b,0.003444255185
ck_78aa4b731cbfe251,0.003463628560
ck_5839f5cbd8165b1e,0.015426399332
ck_7158ad9e58769ffa,0.033905222244
ck_acee218cbe61df69,0.022504328579
ck_f8dc8473c2772729,0.031048000081
ck_f34c93a8173555b1,0.012374867730
ck_7cf301d075e4e709,0.089482927083
ck_b87e88ee5512ea17,0.004227319746
ck_bed0c020b10afa3b,0.019056268978
ck_ca10102961f99eb4,0.002380118292
ck_393287947b5c8d79,0.021019531732
ck_2fe6cac002142f67,0.043927300246
ck_79c7f0d29b1db1cd,0.018456669255
ck_c735b643d3cbf67b,0.005423798263
ck_ea4332c8fe48e2a3,0.008695449793
ck_d39864119cdd460f,0.017263661483
ck_3b963d6be2773861,0.040735177261
ck_df39e3b8a9fd0bfd,0.079090064820
ck_6236a461dc0d11a3,0.004812616668
ck_475ebccca25e30d1,0.027092913367
ck_c10c8bcf5bcd516e,0.060323399957
ck_49ccc3716a564256,0.005622112074
ck_4e4f99102f6938cf,0.009972062063
ck_a97b481ade6f7972,0.014515690858
ck_3fa559c679751b3a,0.020945302187
ck_3eba1fd2c7acc4c0,0.082113207369
ck_18c179b4afc4fccc,0.004834815070
ck_cc1c0b93d05b7d20,0.048807038238
ck_742f7c28ddd019e8,0.053929963016
ck_04470bc93b8a0d71,0.006025351382
ck_6e8f8ef7a03cc6bf,0.016576468372
ck_eb1ddfc353b4da83,0.013335941242
ck_98831b57c7ca2e4f,0.004394030215
ck_a6c7b8d6e8596d4f,0.083673671193
ck_cd7d24e3b095e96e,0.052632695864
ck_3f5ae4673a9f858e,0.036901167122
ck_05f375fc8ae0afb0,0.016178692132
ck_1fc98436281ee39e,0.011356020039
ck_6c48c58678f64bae,0.006068752290
ck_8c95aeec6a4c75b0,0.002441380883
ck_364cde38958b7af3,0.094070716374
ck_85bf21aa1a00452f,0.006052562330
ck_796d3eaabc667c23,0.997325456372
ck_ac449ee0c315edde,0.009866071982
ck_6f9fd15ac6b163de,0.018872496603
ck_4087065be2a45ad7,0.100144658098
ck_ecf006bbc78ee3eb,0.105055842774
ck_8ca808cc5a49cb5c,0.014451358558
ck_94b90ab8b2dfb50f,0.017848288511
ck_59fd11b3232de9dc,0.613637857107
ck_67f3794d93e2dd67,0.071950680599
ck_b7f5acf5df1bb13e,0.010610992317
ck_fb04ecbaebb774bd,0.006336294194
ck_68ef3e7301c621b7,0.010571286735
ck_41406cfa209b6bda,0.007136422992
ck_b0f8f5408662337b,0.004198418403
ck_0d2901bfe585c391,0.134958035801
ck_3398551e81dbf3db,0.059531315749
ck_61c3e3e277629646,0.008638466637
ck_2825e34dd3e7ea2a,0.001137242655
ck_20d7571ba830009d,0.017217236155
ck_c98b16f9a72a6568,0.003608330370
ck_e7c8a9e4641eb9ed,0.003603966317
ck_254a7c97c36dab8d,0.013167512836
ck_e98429675b46272b,0.002680078436
ck_c2fc0ac460786d02,0.020670551629
ck_fba15647b3a140d9,0.006375973901
ck_15ce50f2704227be,0.027258536363
ck_8c748aaa4a4554f9,0.013234937136
ck_e00e82a9419ff086,0.013288307014
ck_832341c98254bd84,0.008922277899
ck_27466468d06db4eb,0.034479571962
ck_9d7b9e3ff1f3e71e,0.002276981525
ck_42c6973d3a6fe983,0.002883576186
ck_877c85bad118bc62,0.012043953355
ck_75d2a2715259c4d7,0.051791688573
ck_37d3e5c681a2214d,0.556378977653
ck_bf285dd49f372de4,0.009648820988
ck_a5bdd026fa9c50fd,0.004466292075
ck_88d9244a9cf7a77e,0.453333928513
ck_5881b174e49b04ee,0.018369886392
ck_5b16d67c5ea89930,0.013462572477
ck_b75b936aafac56b9,0.006533969866
ck_aed2681e1646a0df,0.070378277121
ck_f63cb5e8cc702bad,0.012899018967
ck_1805fcfc4a9e4ffa,0.770008803854
ck_25c355da356c730d,0.005715120619
ck_70396398e4a96449,0.006841177830
ck_0f743bd13373748e,0.013681689046
ck_4b387765f0e916cd,0.008518314011
ck_e971faae8a10a260,0.008702391261
ck_9eb08369e983abfa,0.003051912135
ck_c30c5844512e429f,0.023813533605
ck_59e77e3a81f1fa0d,0.006588810947
ck_ca4465f2b5c1a52e,0.981789369964
ck_c89b9ca398402f1e,0.003816396372
ck_36e72ef9273e7a95,0.005911731185
ck_2bdd8616870e5e1c,0.002958738622
ck_216e87a41de22b5d,0.024740658917
ck_60f4fb44f5efe3a0,0.005374584118
ck_05652e8ace6ce6cb,0.001423962590
ck_8c136dc691e65695,0.001450447653
ck_a08f8dfadbdca112,0.004817718201
ck_bda4041a3e90d860,0.003866800129
ck_15dd3ecaa8ce0245,0.764114675471
ck_3e3c64b3b7876ce6,0.010636396376
ck_46225858a38b2e57,0.004951932751
ck_0cb9f54928f4feee,0.009398352895
ck_152671fbf8a9a78e,0.082165164401
ck_ee7a515e87d17d4e,0.004819178082
ck_f7276091bf513d22,0.001766437107
ck_4f05daf1cf0d5755,0.016432083928
ck_83a69c4a5d55ef19,0.021711113400
ck_c50fed2a7c9198c0,0.020738540479
ck_70d19d5650ddc8f5,0.007372080211
ck_4b4d99e443618904,0.006011515904
ck_dca0b6ca93311ca2,0.035570671288
ck_b7431d4706461ec6,0.002822965543
ck_7b59d22cadef3b05,0.115096827391
ck_53428573abcd606f,0.013450510770
ck_f538ab6aecf2adfd,0.001795055284
ck_d321249fb065d2fa,0.067223093961
ck_72fdfc7e6d8e1436,0.028511338413
ck_b52b99dad89ecdfb,0.015962198423
ck_d2d4282f9d256b3e,0.057784841195
ck_c8f2a1dd8a6141a4,0.008986702492
ck_8d38747058d0aeea,0.732348052712
ck_3ac528caac74f563,0.005835125521
ck_8dbaaa00ad829ca9,0.020611357239
ck_7c38ec898f0fc21d,0.009634395059
ck_8171ef803f5ff604,0.019708280727
ck_01a750db6fc1168a,0.178612882063
ck_ceb017baa26e98c8,0.019543437943
ck_e2c66c72cc0b0f78,0.019742963797
ck_8d9518f64b222416,0.016919710491
ck_804c5a1fa5753617,0.038879654008
ck_fca7cc9c42695453,0.005730045233
ck_3a632cdf2c19051b,0.108862242233
ck_b2b63ea65edf1dde,0.043074342634
ck_27b07021500ee841,0.014027937667
ck_9724718fe64c6557,0.980544410872
ck_2786cbc3e75ec034,0.013427173693
ck_d9c2622cb6df380b,0.006128585061
ck_ae1da8ee98e402a4,0.005483633999
ck_62967b91504149f9,0.030765409203
ck_6b255bf68709109a,0.040845708993
ck_c55afc68421d85e2,0.002775991168
ck_7c7266f6ef2a8466,0.017567601130
ck_885cf685a9541190,0.749146246274
ck_1a4bb7d3d2ee3227,0.006662764142
ck_b4911c42f3bff740,0.004786202251
ck_66f9f78d4c6a3edb,0.038304464482
ck_49bdba9ee1899dfe,0.012322807530
ck_79b235d51718435d,0.015784934185
ck_d840db8cfe2ef6f1,0.001651672350
ck_610c7bcc1cd7ecb0,0.010905493802
ck_cf49b6544aff6c50,0.221167442861
ck_de05f97c3d40dd1b,0.097602588806
ck_0302f67d75973dce,0.011269984606
ck_54c2604c9ca6256b,0.024210510604
ck_a1c88c0568f142d0,0.039035876203
ck_5d72ff6cc2963d1a,0.038008302734
ck_0446920a1004c596,0.002100742552
ck_71044c29ef071570,0.004048181395
ck_2122e9bb1afffef7,0.006445936711
ck_d1e3de178601d3c2,0.006335833565
ck_bec8324a3587ef04,0.005399002216
ck_b616b6f45225f319,0.049049153592
ck_ce1e695884511479,0.004156114298
ck_a662b4bf900781e4,0.003311515549
ck_b5a84c5547378c10,0.007336796425
ck_f80af368cfc6cb7e,0.060865578559
ck_da3526ab6c5c884a,0.108384516430
ck_bd20be9a3392d79b,0.002807972021
ck_b8266dcd90cbfa62,0.001861912077
ck_ac84b33304362c06,0.008334515413
ck_794d8935a895e33f,0.031512925080
ck_8fea7d915259f1be,0.024595784303
ck_7a1519ad5ff45312,0.003929684322
ck_9bf3ce30b65f75c7,0.035625842788
ck_5f864d72d1eead99,0.148227556069
ck_3c48e0cfc2a58041,0.222650825655
ck_d902183f80cc81fa,0.009061951219
ck_539cb0d117db8cd3,0.184727173354
ck_28f530aec8e77130,0.024346622305
ck_e7d903c50d353361,0.042708440334
ck_d288b77d1e227970,0.024823536512
ck_017208fcc01b5d40,0.005718435528
ck_7e3923d278a5106e,0.009851650542
ck_9700a00ff9e66216,0.049217607052
ck_5c36c78b7a4d138c,0.011121461006
ck_c457e9c9224b773d,0.008596631817
ck_1dfa91405d7e66bc,0.006636046785
ck_f1d8a2695a575e56,0.019648841216
ck_3b92a46daf8d00d2,0.010617337882
ck_aab23b5470469649,0.005504144565
ck_ecdd01a391610d99,0.013913987933
ck_abd3aa292f8edb4d,0.061663051436
ck_7fc9a0776e1339e3,0.000809822343
ck_c0389ebeb0e65cb8,0.003805295247
ck_48d0fc4f6a2109fa,0.954024715114
ck_571dee4f3336c7ce,0.010622693539
ck_4cedf26628c84f26,0.065268735718
ck_63356762d24aab81,0.010628617526
ck_2c5bc11bb7ae5d2c,0.575425590553
ck_6d26a152f900fee8,0.006201923974
ck_c972b0e781efed3b,0.005345171988
ck_fa0ecbcf9a33d6ce,0.021709395546
ck_fa3a766e49dc77ae,0.002394752304
ck_7baf1e55db0dc558,0.004011497958
ck_e8bc49e6494c1f37,0.002411066175
ck_8ef1d05cc1e53e7e,0.046279365084
ck_cef2a485a77e0723,0.006559702711
ck_228a583f23abff48,0.007648960119
ck_ac32c6e374782b27,0.095889696818
ck_b9485218cef413f0,0.025624601478
ck_7f15503048915d6f,0.004045008487
ck_b62f5144db15ad34,0.012391526960
ck_917d82c552f95a23,0.021214120256
ck_fb4797045077bc6d,0.003898290515
ck_2cf8a44e041217de,0.219144275213
ck_b7dd681eb3d2ee38,0.006850794465
ck_e9e8cacd2fa35e79,0.014967220193
ck_342a79f91de5d1fa,0.023044936286
ck_2c91f62c05685ed7,0.009561248147
ck_e30cb64302939f38,0.018721950546
ck_d0e95b90ba86da10,0.005691643630
ck_1774faf414a5d49d,0.911089969202
ck_2401e8ff89e574fd,0.565422863320
ck_0cd8802264e0a1ef,0.008247613921
ck_da84a0dfe947fd3c,0.024708890041
ck_c8affb27ba7fb5db,0.035473918923
ck_bc7ece8787ca7200,0.017123045608
ck_469a0578d05990c2,0.003044987566
ck_eef67f8dea702338,0.026099752042
ck_4f490e379e9ded9a,0.005039589843
ck_354379de065a8ff8,0.002870821846
ck_5db1cb368bc41ac3,0.012800618764
ck_9b1c3742dd6fcb8b,0.004799731144
ck_63ce4f44c92d7143,0.144163130380
ck_e15e3390f5ed45f3,0.004092215122
ck_da645ea91d66aa6f,0.346397229959
ck_834ca727df855f07,0.069046795354
ck_e1d5ad20c737c745,0.036408902830
ck_ff8059ae5fa5f1ee,0.006250219912
ck_8bb9e75393954a1f,0.010674968864
ck_4e1757d1347ab387,0.992522886169
ck_af3f74b1d75a5d95,0.013318840980
ck_6b1ab0742ff04c3e,0.031710358809
ck_f56073911c9f1ab7,0.010060930097
ck_51bd5f69b4fe0b92,0.762442604573
ck_fc3d95030b81f416,0.002046921163
ck_cf78169633a1600f,0.004338249753
ck_ad7269eaa65c67f9,0.008269774523
ck_cc6d33890d47a6cf,0.016929993593
ck_bc8f31f4a2ffa1ae,0.004392962013
ck_720776a46e56dfa8,0.017918983330
ck_e2d1f212f259539b,0.007575314117
ck_eaf6f7082c3db2bf,0.025059941083
ck_773efe58c6278c3c,0.016795074411
ck_c4a72c09f2fdacc4,0.006235927074
ck_8982888dd6611143,0.055032614045
ck_9d5049e195eda029,0.013592965797
ck_de58ef6f9fe2b546,0.005598899105
ck_c0b50c11e4f5adf7,0.082905573649
ck_ddaf228487858bb8,0.035588535214
ck_eb2323215ff70362,0.023659608847
ck_168c96a1a636ea15,0.008792838921
ck_9c46711b14d9eebc,0.022037423045
ck_de8af660806b97b5,0.009620006935
ck_6ab83f45bf16eaa6,0.012871494088
ck_bf2228a052815840,0.012256561180
ck_3f943f20a9da9bff,0.004002072491
ck_3baae40454c00938,0.013424114241
ck_bc2e771a1d8d2dee,0.071611075569
ck_e55f5ca37f30ce8c,0.010870138329
ck_4ad5937bef176d89,0.005849204804
ck_126531a9126c17c4,0.002125119384
ck_7ec423cb56257516,0.013450739676
ck_54748ae0f2daaf10,0.010501943042
ck_ff24776280ceeeed,0.191387619828
ck_3c3a1a1365741bba,0.020022213795
ck_615277c8a4e2b18b,0.001778054425
ck_a96aaef34173aee6,0.068664949732
ck_bea56db7f3e930e8,0.013027889248
ck_ca491debd3b32a59,0.031237964319
ck_d9ea77f4114a389c,0.004102448788
ck_322ffda3332d08a2,0.025295167841
ck_c40ffefe4e30b001,0.040443719273
ck_3b1d7648d4580bef,0.030218814121
ck_23981a3261674131,0.009228641347
ck_11667f5b9fac7bc7,0.001984641253
ck_646bb3c7be5f0817,0.065387930147
ck_ebd0a45712dcf07a,0.015929374083
ck_baf43bf1bd963f9f,0.006784648541
ck_e0ca2c819658f6b6,0.987157559011
ck_f0d6633d0834fff5,0.011660801023
ck_91081be0254878a5,0.023406004870
ck_1325000bc7f35b5e,0.006161607960
ck_c624b9063400fa3a,0.053821411103
ck_0ad6fa0e23c3bd0a,0.053975429847
ck_6ddb55b1f23c6cb1,0.031347855932
ck_dce1fb3acd65562f,0.005432747985
ck_a9aa389688ee5aea,0.014801323379
ck_5c5284c45d9ad8bf,0.013313726617
ck_9ce743dd3e92549c,0.021535254056
ck_8342e08cc2f9bcb7,0.003281508228
ck_25e551a0a8d2fcc2,0.125087718112
ck_d4fd0e438c97e0c7,0.069489294016
ck_ac7fe1c344190c50,0.013407428414
ck_ddd65711b5651f89,0.009888267839
ck_ec7406cb5cbc8f10,0.020915978982
ck_1c65e8d5be3b9c60,0.197967067515
ck_38ee42f15a573e81,0.004500238983
ck_0e5385c70c6de025,0.008311662902
ck_d3137f0f7629040b,0.009461093063
ck_9129c92c12e0c8b4,0.007476618226
ck_c86520a00e50a926,0.021265204751
ck_87f82b2b5fee757a,0.009873915263
ck_643abfbd7548d0c9,0.024978648844
ck_be51f4e5e6b85768,0.030564666025
ck_132c16312f37810f,0.018121856254
ck_c78c096ca8cb33ac,0.002678479789
ck_2ce5afbc014763b8,0.037681384373
ck_50ed8f4e7ae6710f,0.003525710526
ck_5a4eb535c9a11993,0.007829083743
ck_9b665ef46d785324,0.003726036510
ck_e066f71f8b296b7a,0.063501781373
ck_560bc6017870ab06,0.001754096673
ck_fd78f8a8663646d7,0.003413295731
ck_4af5ec61ddbde1a4,0.025450982670
ck_c2ed04a9d218410b,0.002303834133
ck_2455d43bbdd2bb69,0.009470006061
ck_56eed7041add49a1,0.429639734759
ck_5f0be7b468a72333,0.007309641295
ck_19660cec756632ca,0.056126031276
ck_fb90408f4892a21f,0.006236125140
ck_833a65b86a5d9bda,0.002101717890
ck_2ac36e1dff211d38,0.032688650384
ck_c00e70606904539a,0.005356856155
ck_ba8affe4b9505a95,0.576181291144
ck_0c3dd22587b08018,0.035784235759
ck_618c4e5cfae99dcd,0.104739617887
ck_c9690baddfc4177e,0.008370568408
ck_59fae092fb0c4aa3,0.012483108653
ck_e03b7d0fa0b28f4b,0.030808808303
ck_d451d24c780b5884,0.001678525533
ck_e980d325b8dbb8dd,0.010573711995
ck_cff18e2d8c520272,0.008610592321
ck_a0e46b67e986ab56,0.014957793062
ck_3a469039a5b9d963,0.004242510898
ck_12cbb211ebd2b437,0.054440605672
ck_b8cdd6d6dccc4554,0.011099029151
ck_794ba5921cef50c9,0.031102179114
ck_2c7667f64edec2b5,0.005465102550
ck_7262b4e0c29c942d,0.006451372635
ck_5d818522cbfe2a54,0.025107509056
ck_de39c1947fb675ee,0.041089705301
ck_c021495606b4735e,0.004097023755
ck_1fc03ba33edd9e67,0.036285968905
ck_a6fe344bbf67f14b,0.013318255290
ck_963762210edc5694,0.087269827331
ck_d064428b7e7dc409,0.012296034544
ck_59be61b53d971611,0.005308305303
ck_ec8738ec663cd2eb,0.010065830353
ck_59d086fab5998646,0.005220856037
ck_bd32dd3b2cbb7888,0.996999096914
ck_ce0166addb93bbad,0.003456288886
ck_7c0fdfbb447cdc04,0.128092704216
ck_cb1bd7635968ed8c,0.161572448796
ck_66f94903177f20eb,0.006904764605
ck_1d7cd5dcbcdafd7b,0.032989956918
ck_5e418a7c04437b4a,0.104105122407
ck_631ea1ae91ab333e,0.009626909894
ck_0a8029e79a5ae7ce,0.016978376610
ck_c4cca8278bdad9b9,0.001023795700
ck_4dec3df58077a257,0.009252747314
ck_609c249edd88c565,0.011754921582
ck_02e5f9cbbbf2f078,0.015012829997
ck_32e486859130458f,0.661575564599
ck_21ed2ea6386c5a07,0.004513218957
ck_1242aa4496576a99,0.019407586664
ck_475ea9aa6d3898b7,0.040508165103
ck_fe1b1adae3be70a6,0.042463341968
ck_c5414d7a8031d4f5,0.010615053750
ck_ca1f6f01868e978f,0.010984030015
ck_5eff0208c74ec714,0.020308273054
ck_a315c9619a317609,0.031106040965
ck_2b87683c90acb852,0.011024156665
ck_7cd9f39c50748ed0,0.004676592567
ck_16a06d58d71935bc,0.012075580420
ck_d116e0e7c19b878e,0.157146328426
ck_931510e384b1d0cb,0.000867625011
ck_e7651fb87bb24132,0.005411024216
ck_88ef9f85948e1a01,0.005135396479
ck_17bf38d51115a8f3,0.021164265171
ck_2659d1d3762a2825,0.010703337491
ck_a7285955e2852686,0.024676164582
ck_f2c33d5b65b321db,0.019397383485
ck_83e5979334345622,0.010414711893
ck_629537d8b4d0f395,0.008669856977
ck_72022008a92c9386,0.040734674700
ck_2973b8274f0bf69b,0.015047976682
ck_565e3418d2f4061c,0.018341545120
ck_54bb53b8f8ea32ae,0.991333902197
ck_af0a6540ea7a36b2,0.002424894290
ck_888651bfc2c8cf70,0.006935829719
ck_1dedcb48ac381a1c,0.204693275318
ck_f73273e220296be8,0.023600974241
ck_8424bf65223a5a9e,0.008543834929
ck_337b930fd149a696,0.017273039737
ck_8a4952de8a123ef8,0.008977346304
ck_884168153c9c0c81,0.014987920502
ck_fdda581aec411010,0.002459719168
ck_2b7cadbc8b180d32,0.282355570264
ck_8aa8b9968233a1ab,0.022909409406
ck_0af18b3ce015d294,0.032774330054
ck_8dde670a735d1e90,0.153182624588
ck_62f46226f244139f,0.045045861487
ck_f948e8a8fdd79b4e,0.006521704317
ck_fa00aa0f3e859904,0.033270426022
ck_fc7935f784a4f249,0.005848068696
ck_e7501307c0698e5b,0.005707491395
ck_549ed417f2834cee,0.015553229128
ck_fb2a35571ec719d4,0.178150793492
ck_25822068c86c856f,0.002747687146
ck_8f35d229b62c8f23,0.018470440633
ck_bdcf049c1e7d0c95,0.013992470615
ck_0aa9db36eb16422a,0.002970937859
ck_42dcf92e9e016922,0.046966616490
ck_42341cf31c08c981,0.108253741504
ck_0b20bfc515ba42a2,0.013455995597
ck_0ec820b670d48098,0.006720862873
ck_1f0bafec397da8e4,0.016832025803
ck_82f07504ab59ed33,0.034458976892
ck_337b24a474010abb,0.997696154514
ck_703703bda38fdcf8,0.007946626641
ck_01e7960c63dca3a4,0.975527986137
ck_be5bd81e3715cb8f,0.743615744887
ck_197f8058cea1fbea,0.001639963723
ck_eb3fb1106f2f1b21,0.046057275291
ck_658b4b54be09a4bc,0.990714755361
ck_266ce7ccf41ccc50,0.005307949191
ck_110608c3b03d4038,0.514249563521
ck_1be8cb95d6d9bbf8,0.002156386510
ck_8e16a64a776afa82,0.312256687117
ck_34bd190d37eda534,0.151544476232
ck_4f521611ae14ae66,0.008380731670
ck_d839798f9520363e,0.015284952892
ck_d1bbfd246c0ac9d5,0.205798424952
ck_f19030e6e85a6776,0.047078725551
ck_cdabe60ab59f9d5a,0.026551129610
ck_bb84b2b30293f566,0.510691048538
ck_427b91925952cb40,0.012972767707
ck_1078b1e155b5b640,0.017988482023
ck_95fdc264eac72fa0,0.007849236958
ck_e35eb857c61548b2,0.362203157167
ck_69bd0b1abea7e1f0,0.409390808791
ck_59de511b20c842ba,0.041609759516
ck_168e7ea341a36b80,0.007818279594
ck_4937cfa6526ea138,0.019533073724
ck_bb1a981306b750ac,0.092909915468
ck_f42a43e4c3f34ccd,0.052193075180
ck_c7ae1d4b3ab38185,0.014062809762
ck_bd23cf9bba1dd33f,0.019171118035
ck_0fd826fad7ec7cd6,0.012909273536
ck_f143641bf3dd0414,0.009827152105
ck_ad6d48c20a3688a7,0.003628188099
ck_7bda5b5b927b2905,0.061059960297
ck_a337eb38eefdcc88,0.072270592155
ck_403da2a2d800df9f,0.149183621826
ck_aa01d5aafde73d0a,0.010493724818
ck_494954023f0eb309,0.011518750503
ck_1c6820fc38135ad9,0.008389781949
ck_0e0bab173622db9b,0.093651110399
ck_547090bf35a3b243,0.012366296452
ck_d69455220b21dc9b,0.017222309706
ck_90b4ac695b9c6bf7,0.009954279298
ck_8d2afe17c0082e6a,0.024963563112
ck_926b81c0ba528eee,0.004056125517
ck_ce36b0c287bd198e,0.036107599529
ck_8026e017909aaa6c,0.052129003820
ck_dfba788f35d4c372,0.013567042991
ck_f09f9d0e0886e0c6,0.007377370245
ck_4ffe0366df388604,0.005591445633
ck_75bb521de55644c7,0.005468379091
ck_81a960fddf79ecf1,0.843739869090
ck_8f43459991ea511f,0.002389811459
ck_f878b68d66fbfd4b,0.003484561313
ck_e84abfc0c747c9dd,0.953080396525
ck_3ad3fd3cceb56b66,0.984944009662
ck_7cf562578c7f158a,0.029034276091
ck_f81a97d350397306,0.023135007937
ck_255d87b7fb40caa5,0.016552970519
ck_b3905153b9eee924,0.014329242881
ck_2c80a592fb4cd6a3,0.015713265862
ck_57deb202d4188a29,0.002771687207
ck_e3cb5f31d8e94448,0.924789259742
ck_0db62d5f7f75f80f,0.014267863876
ck_ced9163ea85589ea,0.106749841812
ck_e16528edc694fb33,0.938562199659
ck_78cc5ec4940fec3b,0.032109561160
ck_31742076e9a998f8,0.015184012895
ck_5ac335f02280271e,0.148131263235
ck_7cc2e091806cfa5b,0.035609428149
ck_3152c7115257f084,0.006779207316
ck_ab1b9d019921bca7,0.011537637639
ck_c33a762d98f9b290,0.005517507221
ck_b16a7c51b6f7a6b1,0.381609784892
ck_97402a153348e68f,0.010991570883
ck_95391029a21caa24,0.015839055049
ck_c2015a1200971fe9,0.014668696107
ck_ed4427962c68918c,0.965897027452
ck_c5e4a17d3efb19a4,0.123354201172
ck_8aec3d3dd51517c2,0.009442328431
ck_f5178a658225d8e4,0.004844762001
ck_8594f165e95316d2,0.023494115246
ck_f0c4aac04076a6dc,0.002811343289
ck_ac2f7397801036ef,0.008584166355
ck_d1ea4bcc407c7d5e,0.006739193959
ck_cce8b6657a538fe0,0.018191012477
ck_66d0c6d6b67a8d58,0.005229571547
ck_1a6b30320835e57e,0.005548843589
ck_8cd274cc85aa35d1,0.041680326695
ck_ada46085a78280e4,0.012830616069
ck_ce1b06623e4a815e,0.004628903391
ck_45e70c8a9686580c,0.027155439206
ck_0084d8ab6b1044f3,0.036208953324
ck_a5f7b6fed6df2aba,0.035847791908
ck_94940d783e7988e6,0.018703638262
ck_00f9ca84d1d8ae7a,0.010783755694
ck_0deb56f3f6452818,0.006727314211
ck_a58e900469dfc3f0,0.014369763802
ck_028c41b195280980,0.002753594161
ck_7661d7ceaeb19f97,0.010784845314
ck_6957905a65c47879,0.018059555595
ck_f7c6c26ef3c4ae06,0.010886733952
ck_8777beb11aabd66d,0.007362381503
ck_7db098a17374bbf8,0.911992414536
ck_66aeb00e44486cda,0.244127216848
ck_838c52cc1d315ec3,0.013099425828
ck_1745847cd4e5dc83,0.011050602731
ck_201687857ec8b3cc,0.012320000667
ck_81818169208a8cda,0.013339149812
ck_3303fd3f64632c7c,0.071382257929
ck_edf1096809e83ef8,0.007347551133
ck_235ce9603c7dccbf,0.075866423043
ck_9df7e153868bca13,0.005908800844
ck_3cfeade2cf270fee,0.004583947115
ck_982b0bf2e2b6c4f7,0.012510375895
ck_faeb0da678bb86c0,0.001544285115
ck_e86ad2fe815b6ed9,0.008039093947
ck_70d69e5d1bb99e85,0.033466003012
ck_7e9a8924eab779e6,0.997471301309
ck_019d5891103e7da3,0.115228031242
ck_14f0484b3817eda5,0.009891469525
ck_85de63d278f0fbae,0.004322197637
ck_ae91b4cff57fb3bf,0.085083995740
ck_2a6d43b9f883b78e,0.454953010872
ck_7a4e3d553e8ab5b7,0.020579973746
ck_fdf89dc69f700f84,0.402849697502
ck_f92e04024bf13558,0.006177498776
ck_4a522ca2dc4831a0,0.000945338135
ck_68ba25dc3385fea1,0.069624011271
ck_22128a4f0d033422,0.012360190795
ck_5b52ee0a13c71590,0.006902747366
ck_59472d17debedafc,0.005946309010
ck_9dde2c63acda3ba3,0.030533903572
ck_7510b1023cd08531,0.034686720750
ck_071ddaaf2e4e3671,0.002835229112
ck_1355db6f4010232a,0.045050226515
ck_0a7adc2f27f98510,0.020890864647
ck_68250033717cd59e,0.002684538845
ck_7c12de74de30b788,0.058119721430
ck_65491367584c730c,0.013753717228
ck_e9047964952bee70,0.014043913037
ck_5567779d6ba184eb,0.044696204247
ck_d6ea026357ec6477,0.005603631460
ck_cd7dcc884e283746,0.076523901631
ck_0bd77fea8ed75a15,0.005706863938
ck_e80883208e8d0453,0.004986837648
ck_2ad0ecbacd5acf8e,0.994139881399
ck_6c1dbee7e8fdd5c8,0.003245183015
ck_ee4d9a7449515908,0.004749894230
ck_636111f7f030496c,0.040833995658
ck_2c629c657f73941f,0.012267165421
ck_c1c9d3842d758420,0.021606894478
ck_e4df7faacdfe8c40,0.019351170815
ck_94e8142728e44380,0.046905981683
ck_765aaf42c5088545,0.012359039570
ck_e0f845159b6e6a4a,0.015016026602
ck_5bc07deb82edbad7,0.007553464775
ck_713159c5c6a7a4d0,0.996182765710
ck_b08afc91d9ca55db,0.015007780983
ck_a7bc323ffed2ea97,0.277281656693
ck_85ca825f905a34a1,0.028695998298
ck_33160c443d4b3f19,0.014296153492
ck_832d39c590a3ca75,0.805977228858
ck_7d1661a34164406e,0.995395836098
ck_c2466fc40fc9d5ed,0.977274248750
ck_ed0e776c0926ce67,0.088938945235
ck_cdd2ebeec75bfa69,0.121785334552
ck_d7877684c7923ec3,0.029852973884
ck_7384d4d2406aabf4,0.011195737255
ck_b8e5244e650aa81b,0.012715706528
ck_25a1ea40b2d59254,0.010666759183
ck_b9e5b318ee4de68d,0.003632155519
ck_620d7ae27af83cea,0.010606218837
ck_40b4e264d1a12b83,0.991192399340
ck_b694c803b62862b3,0.004670449774
ck_cbeca201dbade3e5,0.024374619325
ck_f9b439c9161c3e52,0.017149415278
ck_9880410fcd10a28e,0.004402266030
ck_74928f5f91aa12b2,0.081297466669
ck_b6673bbe61d2680d,0.009866693192
ck_53c8315b5c30acb4,0.006367057452
ck_78f01d78ea79642f,0.011389109773
ck_8582490d6e365a63,0.013795257576
ck_af25c72d16299258,0.002526750366
ck_7905fe8e257b0449,0.069909467943
ck_0d16d9349e4a9e08,0.008951828624
ck_31b16b8848584e98,0.022129966869
ck_67207e3eecc02d76,0.033564157712
ck_e6b95ff91116a592,0.006730794292
ck_c08f622bcd6de6e7,0.018868001499
ck_f9a68da9e0f0bc85,0.033614055085
ck_4072b59388976896,0.009473305262
ck_8ec86e853ad52828,0.060454889601
ck_4fecb87eaffd5cb5,0.010361086183
ck_d6880578428b965e,0.095037119621
ck_bfc82b3c1c9f2897,0.875329853756
ck_c340644176ca03e7,0.021312336652
ck_321e740066fb05c3,0.555272777623
ck_8929d2eb09872052,0.075990450949
ck_205c107cec528414,0.759596576137
ck_e76db7d2562f9836,0.006536632388
ck_9ede51c8434cff6e,0.014516476576
ck_492e4b89c61b7b6c,0.010378844792
ck_9385f5a1eeebefcd,0.028076117121
ck_ee52c7bf88f952ab,0.008124100352
ck_d8116c34302021d7,0.003662140170
ck_01645ea51972e99a,0.046114604309
ck_7b45ed23304a854b,0.017893326351
ck_2096d32f3d497ea1,0.102405319067
ck_dfbb2056f1ef7d3b,0.051624936697
ck_938ce30c864bc7df,0.002913556854
ck_ff30dda2c881a4bd,0.059641392816
ck_f88c79186a082beb,0.007308115228
ck_08c7bb0f9851cb76,0.073095127036
ck_2675e7a008e584a7,0.014582056484
ck_cbaf8a954281d4e3,0.948999973083
ck_8b24eadf6c72b30c,0.291802790261
ck_ffc8e3c1377d0706,0.004896728844
ck_5b59e859bed5b40e,0.009380913396
ck_7b61717f172f9317,0.934055729084
ck_e5c30947b732f661,0.034184435935
ck_bc273f3ce79f7e1a,0.004516975666
ck_f69e93388b3028cb,0.129436140468
ck_3837ad850996ba60,0.013598474131
ck_36d78ff3bc033ee5,0.008187394537
ck_5e20953547ba4135,0.042992418212
ck_258d661e450ac870,0.006152265614
ck_1df66f537496ca59,0.024882081886
ck_361f535599110201,0.010117055872
ck_337e98c69f6e7886,0.002755396315
ck_d3d5b2717cfc3913,0.022295193613
ck_b1dba768dbe7affe,0.034766881454
ck_92d782bd9ce0d1e3,0.008926065897
ck_26bd0f8898afc8ba,0.011690182063
ck_7916e53daab36745,0.025966998463
ck_2caf553b31831a50,0.020359320171
ck_c6200734c7f9b2f9,0.521771917370
ck_cdc55623cb16e6a9,0.006343186752
ck_57849e15b61c43b4,0.005920682566
ck_b7af9b2ee0eebbc6,0.022696789806
ck_00aa5fc3b3bc66aa,0.044203260112
ck_9929723f65636c7f,0.997691775895
ck_8f6cce9f69912983,0.007607874403
ck_c422ba389ff00781,0.007477782795
ck_9ec7f334604a228f,0.016271800564
ck_5d01200ba3341462,0.010607816291
ck_2bf10be403849c9a,0.005795080655
ck_6ca018259f70858f,0.006760536589
ck_a54dc042ebb7c766,0.178819879281
ck_79da63fc100830b5,0.022118761028
ck_67ab6f9e05c85085,0.008363012221
ck_fa80da579ea9afc0,0.012178638334
ck_4339f86c87289222,0.820101285944
ck_a2299b4f530be0d6,0.313125154169
ck_19db0bf788697c2b,0.009161575826
ck_fa4211c4d826d830,0.001944562722
ck_96100d5e8e051e91,0.026521464215
ck_5c3a671883d58b3f,0.003577106482
ck_2d9524787cfe1ab3,0.335349500031
ck_47ab8e51e5b3a2d8,0.008261453454
ck_c924f36bc1bbbaa3,0.006479644535
ck_5c58e7f8fd55e26c,0.000616895691
ck_a07e7409d6d5aa06,0.014103925116
ck_c8413898f5f7cb7d,0.028380988511
ck_577c816b41cab002,0.712199872883
ck_9f7807ed64cdb728,0.011350941992
ck_495d814d6d6d521e,0.003547201836
ck_7aa8bc018c2b003b,0.019885413239
ck_7c3a6a82f3c3241d,0.002703335088
ck_487f7fbc290e4ae2,0.006217953758
ck_e556c4d36aadbe03,0.006521218280
ck_7e6569a1b2455cb0,0.004243027364
ck_de2924955926d046,0.021236878701
ck_73d60b4630e3937a,0.014162014049
ck_805ee564bd35ef15,0.099406176732
ck_0d40961e47797027,0.004099735139
ck_f06d00a4f9c87d80,0.009120179652
ck_5ef50fb07b6737d5,0.023569138630
ck_16541fc15683e21c,0.011286235430
ck_09fd43f1b7e2eca2,0.009450925010
ck_2a2c336a69b8d68d,0.209812677936
ck_2685f38930866af0,0.056599945792
ck_298278a9da874437,0.059562211055
ck_00bd7803f2530c68,0.015147753529
ck_c2b4a1d8c0b6c1cd,0.000961246104
ck_2acb54ca20c3af6c,0.019429753291
ck_e3d4b6f681c783ab,0.015311922907
ck_f90293f1eba5d7b6,0.030190335080
ck_e69d27e8965df0be,0.005674097621
ck_b7f5d10b427346ad,0.018854337065
ck_1ce20e4223a936b1,0.011897611431
ck_6b97d1ab90f6bdeb,0.012082118614
ck_e30e17db5473c7b2,0.003839105815
ck_154c8efb19dee665,0.008632863623
ck_6f5bb0c930644cae,0.997783066633
ck_9e17699baa83d173,0.004050672120
ck_9693b1eb70880205,0.009594867591
ck_1e97899875bb427b,0.008246433995
ck_558a82590f65df69,0.005843774279
ck_18df83242ff3cdbb,0.028870378517
ck_80ad4396e1084c68,0.009147841281
ck_0a993bc947bab61f,0.026569672781
ck_5c2d43ff841632f9,0.003007251850
ck_6e4b99fb9725d9fa,0.014651606575
ck_e0983999ca26c19e,0.031950965291
ck_6573c4947cc8607e,0.019716828394
ck_d879d645d6e44207,0.002004465875
ck_1375ad9f10688e4a,0.007554708571
ck_7501ebbf4e21f160,0.014328437797
ck_ca60d61cd4dc3bea,0.009226383528
ck_ab9ea095a5c58b4b,0.023682345744
ck_23756522b58df5d8,0.004510189575
ck_90bc176c43d85fd5,0.077048710704
ck_908b663b2dda94ad,0.052629108912
ck_4df2fb8e4b649e27,0.006809979818
ck_5615c6bbdef05291,0.148753479261
ck_b62f3e3185251f71,0.002676562908
ck_38d1a22850178f33,0.009165451499
ck_5b3ba20c8bb1383b,0.002834643096
ck_5576ffc6aaf6f22c,0.001966862952
ck_cf7a022178165e56,0.011182226092
ck_f2c7a4c50e2ede96,0.027960999967
ck_285719c77eadf915,0.001844608895
ck_f2aa1b677619ab19,0.006690319025
ck_3830c58d841e9e69,0.882786455967
ck_32eba3510c8eac5e,0.003715993258
ck_8955d7b9030d5eb5,0.016910993844
ck_6775e387dace7525,0.018879800844
ck_0a0cd7f4be606a93,0.098818171864
ck_a9f700eee5d638df,0.012141095064
ck_3d7db96995745472,0.026731164600
ck_aeed557007d52e9c,0.001470853543
ck_79b6a86830156b5a,0.021717431195
ck_6a1ff9d69466181c,0.997880392813
ck_f11b1565f986f5e3,0.013862252338
ck_4819327a78615485,0.010909008958
ck_3ed9e081959b2f5c,0.020125013228
ck_16af4be191c47d3d,0.003352202893
ck_25122cc0e8b1a662,0.027953806893
ck_509c22828d467ba3,0.023277763582
ck_31109c899336348d,0.023292645342
ck_c51131e53baa59c7,0.014641871924
ck_cf8ecabbc61d3e11,0.028480714085
ck_eb6baff0f85ba936,0.025576913605
ck_777669e2243204f2,0.918024966237
ck_ac0ea27e692acdc9,0.009685613636
ck_4c6ea04ce8ca9e2c,0.021757896388
ck_ca54b32fca7e94cd,0.008540918037
ck_4dfd8947f540eb24,0.013963077966
ck_95aff1fe27fb24bb,0.021198531918
ck_c7550723b90e5615,0.004768208189
ck_57b3fee69bdf85e8,0.006498414026
ck_f823407ace7ff064,0.058917002238
ck_a69084a068bcc8aa,0.055739337791
ck_c7b17f7b24bef5d7,0.015360353704
ck_7c4e588f927c27c8,0.023031588149
ck_77fdac602d0c6f95,0.074960427704
ck_e963d8525018d072,0.026363952401
ck_6e8ebaea8f7bffaf,0.002857625618
ck_aa42976a31cb7770,0.002936683106
ck_22c862a496008c96,0.998526298347
ck_527550dd15f38782,0.021547465903
ck_b3ab3c210e2c7c19,0.035884789427
ck_ed9c56fdb9f45ddc,0.193957707335
ck_b53281da70defcfa,0.009148130166
ck_03009b721568ee98,0.009782447282
ck_3d9afd862b3f4053,0.540044914315
ck_ad3c4be96599554a,0.008191019103
ck_d1c787c27d50af49,0.016849108804
ck_c7a9c7b2eef46a99,0.011251005593
ck_53036d3c6c74446c,0.184325799781
ck_1b1efbd9c0964c8d,0.043627939681
ck_d66f42a269d5c1ed,0.012159730109
ck_fefc49a2b8ad993e,0.004406704787
ck_8b3b874249adece9,0.016337453101
ck_193d9c87ad3f1dad,0.002805137204
ck_0c6a50d747593b7b,0.001982543146
ck_c830f3830875b47a,0.006743623619
ck_79e202f06d8dfe42,0.040778275428
ck_5c0fe988b8aa7fcb,0.220017024176
ck_a8382d8345f21e1e,0.002808903464
ck_8cb20053914692d0,0.040274651605
ck_1da2f69023ca4c13,0.002823185279
ck_38abb60995114f8f,0.026892629199
ck_f5791fd8fd8fd191,0.009924870852
ck_a4e6fc391b674335,0.177412029078
ck_bd771efb4a7e15d0,0.003302138719
ck_38ba4a6b6a292054,0.145367670516
ck_f7a07283345a0dce,0.025356250941
ck_87dc484baaf5a23a,0.001262764352
ck_c84ef83489badbfd,0.029984860033
ck_a397cd64ec5d644b,0.043655106399
ck_7977135c2ff61e92,0.003101955633
ck_52174855b243a8b0,0.040355231382
ck_0f35e930d0614613,0.984017564512
ck_b170a7db522a0d6f,0.008755219564
ck_7af748a23775bd54,0.020348427529
ck_52f641c9ee6fda70,0.008332084052
ck_c3719a30414bbb4d,0.005234647621
ck_2baf214ad6bc0dbf,0.058253761469
ck_8b39d8aacfdd72b4,0.047929462158
ck_d39b0152116203be,0.017110234394
ck_ed33f8a937f9c7c8,0.010509616830
ck_8ef97b55a5fd6ec9,0.008166874235
ck_8247f008a14bd1a2,0.008837386330
ck_f0d349d68249d5db,0.008052779984
ck_a544e766540861fc,0.007017614059
ck_9dfaca4c7c80b10d,0.061649176067
ck_7e5401c362b2216a,0.006564808851
ck_64ff60c073fdb6db,0.030826393358
ck_fc5ea49518e5d637,0.001798818745
ck_580f136ced341298,0.007579410589
ck_9cbef9bc95449dca,0.025520961885
ck_e475a3b8ba870a7e,0.013175985687
ck_97e94708bcf43563,0.002783657883
ck_13f03ec785cbdae1,0.002545064793
ck_152820d8817f478c,0.006270977871
ck_d20d4ba60eec9945,0.015464632589
ck_5c45968a805132e0,0.024241951978
ck_bebea2cf3063fb24,0.005924613024
ck_c3c69aefe7ea1d2f,0.011496351588
ck_02028b72f26fe855,0.003023961450
ck_dfadff70a58a9133,0.009807294542
ck_6482ed4491bedcaf,0.004439547874
ck_754cd7b4a5ae3f94,0.016450585632
ck_3132857aec8485bc,0.001619306317
ck_7ce4ca91b8f9f1c1,0.019562723142
ck_41938582f4351772,0.072438730216
ck_f87d66946252476c,0.162246185787
ck_8053f1879a9b4e43,0.013328047105
ck_93892e91387f5103,0.052266134032
ck_15254db133b28371,0.107493012400
ck_d557b9feb241b3ec,0.007792773979
ck_71c3a8e4c12c989f,0.005418895190
ck_80e3041811033443,0.030657556945
ck_3380d60067b4634b,0.008122861207
ck_a9c2cdc758df8510,0.052104433377
ck_3c0031d7514da17b,0.058674059621
ck_18d214b1418be39d,0.011913830648
ck_7ce768407fd48321,0.016579323558
ck_7a50abd42298133b,0.006414171421
ck_2db10f987d137582,0.039055853800
ck_e077d004cd1d80ae,0.008009194938
ck_1cb6dc67f9a321b5,0.004953666608
ck_b864f64101149c35,0.343597007300
ck_9bedf54df9418e4a,0.018626932091
ck_c47e32c47f0e6578,0.121783520153
ck_71f382d5e338daa3,0.002992364720
ck_14b4bf7be6ac2b61,0.046297353735
ck_5c87eea1cc07cc92,0.089953983439
ck_5f445182829ef342,0.043712985796
ck_a5d7311291caaa54,0.035075553926
ck_b7df99aecef385e6,0.027796707228
ck_3327a0582407068b,0.012784713934
ck_08dba09fd7dab896,0.017165198357
ck_f4ec334be5266378,0.027952894463
ck_240f7f894c5a86e7,0.007744358320
ck_a9d994554fc14a02,0.000561895250
ck_13648cbd306eee6d,0.008302869636
ck_601edf9105b3c321,0.992802044343
ck_9527adac182abe57,0.126496975972
ck_4e0e80f5cc271bf7,0.007524329504
ck_96a89e720176b389,0.023031921594
ck_63560eec94b76d2f,0.012477125781
ck_c9c99e5b19aeced8,0.002667465972
ck_bc32655ee5ed643e,0.017983835952
ck_edccb5a93b741744,0.008463480196
ck_f786cbc987b70930,0.006903432321
ck_0e8f26536ccc8947,0.022623220717
ck_b87ef4b98cfcec4c,0.027997804613
ck_1a9235812de4b2c1,0.031016956826
ck_d1ed88ea4211ba4d,0.015383798155
ck_a4ddac49657a4450,0.026660182370
ck_d9ffca35188e49d8,0.045227718580
ck_3db73bbe03c3d240,0.002990613720
ck_fffa0622344a36ab,0.003370688490
ck_148c28df51bba5e9,0.762237785280
ck_076cbc25c8f15fc3,0.983528811276
ck_e5ca550b39ed45bf,0.285972291619
ck_8dacf3a2061ca17d,0.009319886366
ck_2d7394afd61643d0,0.023942566079
ck_e42206e91f6a1752,0.000896681224
ck_2f4f94827984c426,0.001365221131
ck_edfe8e90e8f4366e,0.002085680435
ck_646b15f753e5e9c6,0.041337244296
ck_66600620149c8799,0.013011887109
ck_4ff6fc70bccfba96,0.012460805026
ck_41af3729590c2484,0.007092562449
ck_920a48ba8c583e96,0.002884606010
ck_0253b3e7be021306,0.009216174448
ck_2ae6949246ea2648,0.007595359902
ck_db23a5100f338d72,0.045260361431
ck_fcb2a559474c3493,0.012881304435
ck_0a4d7acd2a53cbbd,0.013534988495
ck_c5d62b2b7a6f3bac,0.950503246688
ck_cf59f4fc0ea690b2,0.005796886215
ck_837be8126bb19250,0.005046976556
ck_58955542edee1adc,0.006883122474
ck_1b93381d8eea58d1,0.007140301453
ck_97b8e05d62abdc14,0.008728318436
ck_71a0d645744302a3,0.058840943028
ck_a7b57882ab66b111,0.003089878436
ck_65f76421be648549,0.009093820394
ck_b53ea8713d32ca7c,0.007424967340
ck_991c4c924a1d85ff,0.828041767612
ck_8432ccec1a4ec7fd,0.997589241809
ck_64c1633297f43788,0.005696494791
ck_4291fd9c1161d8e1,0.027299389172
ck_5e98ed6391d9f429,0.047082750433
ck_c7baebe4549fdbb4,0.047812623541
ck_6e67225ba59fa5ae,0.060756474346
ck_719602def4d35fe0,0.028245006767
ck_bdee7c86f5ebe81f,0.015061344049
ck_8de38f8c7f91961f,0.053489977316
ck_b0b5bf9254700402,0.041501403150
ck_7b55d9bb1a250d4f,0.030772100706
ck_3954b7b0fd1d6614,0.005756231555
ck_f29471fe7c818d6a,0.053152789399
ck_9e65a8a2f587691a,0.018989930228
ck_eaec5f1a83b66eb0,0.002994382088
ck_004fe0daecbe2c1a,0.178929576958
ck_d17653a4a2d4a79e,0.019819051102
ck_0dd417fcbf19e424,0.044705122615
ck_4c99a6eadea143e2,0.041150907825
ck_74d602c907ee9119,0.005248171826
ck_1aa87cb62acc0ac6,0.006977882643
ck_094974d75e29fb2f,0.031602756512
ck_5ef935ac3d4d3332,0.013389903660
ck_b26e4ae47c9107ed,0.190244500403
ck_396cea6f95186ad2,0.017043290530
ck_48446a9e8184c7d4,0.007196683896
ck_31e1ede23247d56b,0.026587808873
ck_7afefa349b960a3e,0.013142044300
ck_f5e02a3432571b20,0.036599643011
ck_64eefec062592c43,0.009671401345
ck_a1201284122c141f,0.015735296841
ck_1b34c420a4c85a95,0.002988962962
ck_d637a011332ba67a,0.003855973001
ck_99c0004d8b7079f8,0.006920388323
ck_948517bad569b40f,0.033748019975
ck_a28d6b1601b472a6,0.037647793670
ck_a0b4209feb31f5c0,0.996710823773
ck_d6d2c1f6dfc455b6,0.071055072170
ck_3f9e6d356d3dd3cf,0.001975758514
ck_d08e00c842b75176,0.013718246375
ck_bfdd232a7c5f2660,0.027240045767
ck_2cdad03ed069438c,0.021920701372
ck_42317c3eabd0a285,0.422782538980
ck_3eb73e56751c704d,0.007926742246
ck_ef33c04f4c9e3758,0.014476825304
ck_1dc23dc870f1773d,0.008619902514
ck_76091f357974a152,0.006099883186
ck_4d9eb75e8eee90fd,0.020789499151
ck_578f67e69e5d2cfd,0.004397389269
ck_3a8ce1cc724229b8,0.000943013916
ck_a96887f841e80fc1,0.034599745665
ck_d2d4a8f4a9f2c33f,0.080440846451
ck_11f85bc705dbe036,0.021208862967
ck_7429b3f87528e335,0.006037210298
ck_26df74feac7ec51d,0.008892982821
ck_c78b2638fadd91ab,0.014715185783
ck_7eaad325abe3b50c,0.018767573944
ck_fd44e34af620e606,0.027274195264
ck_f99738dff854e25f,0.003776989741
ck_1ffbce3a239bb264,0.026716327747
ck_96c7d52ba0a766ef,0.033632908981
ck_cb1c00c300af3f9e,0.064425138625
ck_ec3d12848ced99f2,0.048916735389
ck_26cfd7c3c6c7bf69,0.004250151668
ck_7ae86b5a885affc3,0.007150077395
ck_3edaa94d28cd48ea,0.008822477071
ck_3209c530c9812e39,0.026876876933
ck_ea62ebfc1f04b49a,0.004819301366
ck_5fc90b4668ea81bf,0.021912462820
ck_95654593cdebd141,0.005975072010
ck_958c0bd61820147f,0.019947028835
ck_8440ef1386c07194,0.001946856816
ck_8cd1b68dd74b1375,0.237431684157
ck_c9eb4df91ff07f2c,0.003325426568
ck_c29489366c01fe65,0.916050563944
ck_c965fd6bec0f0ecd,0.040882227855
ck_84c402b23766e1f2,0.018843553163
ck_181f3dae03b87136,0.054263461055
ck_022a8ae79eb28cf6,0.712035324185
ck_469c17407d17b706,0.029543282210
ck_1fcc5843f39148a9,0.002133088443
ck_5debd55f361b2ddf,0.013802638283
ck_28cb9b03e89263f1,0.000805506178
ck_f067470743d3c7a2,0.053377016260
ck_d5d225ce41a1a762,0.004730123047
ck_15b4840922195ffd,0.052358228156
ck_6bcfa37c717f19f1,0.020642485944
ck_8d501a0386c66be8,0.100889151610
ck_1a9d6190c57ea7e2,0.326542362354
ck_c49832eabdac5bb7,0.004103274110
ck_b4331140b2e0d4aa,0.060697100389
ck_5efbea1befdefe1b,0.090211003225
ck_72ff52c4824072ce,0.017295442037
ck_ec3715add8bbb6e9,0.021851138927
ck_9822f8ed05335741,0.023189646142
ck_c3d7d3d12a1981a3,0.013551751270
ck_a115a7919ac5875a,0.039482935007
ck_4dd4ed23e0b927b7,0.135548171063
ck_4c76efcc1ee6762d,0.055972992145
ck_3ad6e7bf452c9b21,0.011977634076
ck_dcbab304b55a42c7,0.004277518167
ck_24b53090faf722cf,0.010886393885
ck_187317383400491d,0.017378908461
ck_e07fd57565c94c28,0.020114421410
ck_740e760fdcd27835,0.011650333734
ck_d3796aebda1cfed5,0.894048092162
ck_e541967c681cb929,0.038168201206
ck_431118050b834dcb,0.003527397847
ck_90f3655f0c8a0074,0.004498934468
ck_13cd943777651aac,0.037277437422
ck_66accecabf3901c0,0.004846086945
ck_937f0da2306b2eb9,0.007747633943
ck_105b0c93573fd5b7,0.587765274313
ck_00480407160e0743,0.010050109031
ck_e032068be7b77d15,0.014064311347
ck_991b7dfd69098320,0.003051304027
ck_37d47cf0f34574a2,0.004284373246
ck_011551a596544f5d,0.023464074792
ck_9acd98f4fe2d474e,0.087930993968
ck_7c88d3d377bb61bb,0.016542914793
ck_e2374c7136c964fd,0.017822191973
ck_2fa8f2577116e9ca,0.094387471574
ck_d07c5b0321c685ea,0.173787477895
ck_bc736114a31088a7,0.007894382437
ck_32bb42f9bff197f8,0.003648015854
ck_66267bbad1f1415f,0.993983381082
ck_19988702ccd79201,0.004964461399
ck_f473a03fbcdbc4b0,0.020527624801
ck_e3f1d85fa5d49396,0.005395790126
ck_c4402ea6291df271,0.025312960864
ck_243bd5ca8c4ae5d0,0.003584557572
ck_f271e855925e8d6b,0.138816276935
ck_e424148c6f2223df,0.018214866727
ck_e4d0a9e1102a58b5,0.005798364474
ck_91c2a5fe69b9b1d1,0.049308118878
ck_5fd8924732fe403e,0.178523175806
ck_9a881d5433126ada,0.034277551370
ck_73cab88b29c7845d,0.020209405021
ck_5b5dea6476d4e182,0.018096195062
ck_ccccb17d2ca6ce94,0.011615032113
ck_cd1dc68e441222b1,0.644898161335
ck_8312c49b1431a406,0.013290027469
ck_25fea39897f2a559,0.005332765403
ck_f56200205280bddf,0.041277053919
ck_7336611650dcc088,0.003671615745
ck_590716322ff147ae,0.029585627435
ck_c82364d87875a1a1,0.012810689323
ck_fa4b60387d744fc5,0.004448838294
ck_d841eba8906e9a15,0.003752265019
ck_d6df562a79b9d0d9,0.010425684139
ck_59a14d2564193101,0.024010737751
ck_8530158e3d7f59e7,0.003720651339
ck_ac68d707006c12a8,0.014498944232
ck_976fac1bb3dd8c58,0.033058471657
ck_f854fba8f4adae3d,0.087473800621
ck_b98e9c3ec6e7d1e7,0.001736989949
ck_803c0b4cf9d4bc1d,0.007300622900
ck_76997a33c3ea5107,0.005521407425
ck_f1a9d832b700bda1,0.977204206041
ck_2bd96ddb8c323d63,0.986345173418
ck_9e5b7acf51b1b743,0.009137093909
ck_09169f22194fd6aa,0.012433746007
ck_6d69e092f9b0848b,0.018814962870
ck_9f83fa5a2d3b9049,0.013793994623
ck_57bbb19eecb4b87c,0.004720467231
ck_e0e9cfabb979f428,0.001736888895
ck_b1ff9edc51d42f97,0.002069818782
ck_4682fad271d47eb0,0.947864720198
ck_ab33fb754c818ae3,0.021538016824
ck_b456f62b80e21557,0.002687799702
ck_16340be3f2a7fffd,0.016413691781
ck_ce66831f6611014c,0.011080727087
ck_4610a073bb54d1b1,0.013263877708
ck_fd038a7d33a9d6e5,0.007829001091
ck_c8198cb4c461304f,0.014482674222
ck_1e7de58822000dea,0.017903678372
ck_b2a79dd3df560f14,0.028749515943
ck_74a06f347b32347f,0.013623653284
ck_c6fdb2972417c9bd,0.005720957888
ck_d7607a213b800bfb,0.046153020109
ck_df65967b8b40319c,0.001329514579
ck_329a73dbd585ee09,0.018031973482
ck_74991a9e85c3b07d,0.007040041976
ck_bb76609b79e0bc9f,0.043625010447
ck_f7fc1bd0b9ab1fa4,0.036229872016
ck_d111c98b36bdb791,0.001885506147
ck_f07e27d125497b66,0.010197976750
ck_093e3a7134e11d6b,0.004481834640
ck_862c7953bdea48b0,0.011668460509
ck_392cf2cdd515c34d,0.006072002386
ck_80eb91b0b4001084,0.053020893624
ck_5923f53b77193a58,0.259309909903
ck_8049f5fce32be185,0.354407917648
ck_ebc5a2c6cf88e252,0.009789235037
ck_9ea5872f14cce338,0.010761418391
ck_f7fbc95ebf584379,0.010492344943
ck_bafe82c870356706,0.985851984707
ck_278b36c5932d9bff,0.002701733218
ck_6a892dd5d05c1649,0.026933557149
ck_0734fd90b2cabd43,0.053127662555
ck_9b552204498b6762,0.040771642453
ck_f6c909c205767956,0.023388263587
ck_32f590e87bc3d715,0.000453836138
ck_66a8325f28be7562,0.012863543418
ck_b129261da9c3c3c9,0.050730718920
ck_a524071c51ddde20,0.020499121505
ck_ba576d6d4cb6130b,0.195196015344
ck_8d8226520722af78,0.013869927648
ck_c5b0f0d4f1655a20,0.015235091131
ck_61814ae9b6d8eab1,0.026854728192
ck_382ebf136f7fa337,0.186578427885
ck_423ff4ede6a9f066,0.068787992937
ck_546ad962d04b7de4,0.955502834558
ck_9473ea4a01c95f9a,0.029022966391
ck_9eb1da8cd35a50ce,0.006664447734
ck_de5eaa2cdbcb67ff,0.138248264972
ck_537cc97d0398c922,0.247102714650
ck_998475a2e4dfad4e,0.050098722729
ck_e62eb708d2688fae,0.014828804149
ck_ea623358f704daa7,0.183709606495
ck_b911a09f328dfd4b,0.004638347235
ck_4b3506b624e5193c,0.018224806117
ck_448456f96788713b,0.026851725066
ck_5d5ef9e75f65d076,0.036606548450
ck_3b74512f774a6e5a,0.019775989939
ck_a032e8ac1507c6df,0.575077861561
ck_7e2d6b22a0ae20c2,0.023170024805
ck_d80283209c963f11,0.005513322709
ck_d1157eade2ac3975,0.004907399419
ck_be48f583f79427f7,0.030197337313
ck_0027b5d4107d65d8,0.045715690994
ck_94fff69584dd3b2a,0.026750911108
ck_75fcda73f0b43557,0.003474247429
ck_a1c78972e4ee4082,0.012872315463
ck_f0982bbdbd122f91,0.012967256640
ck_3199b471575aeb3a,0.002400913254
ck_7fa947a0b1c1cf74,0.015740089333
ck_a60c618b7f0e4252,0.002274171695
ck_722ac47c8ac9b6c3,0.137975056267
ck_d44dc3839a195c8a,0.020195738550
ck_a2c3e82fab520483,0.006822136230
ck_6f8ae0319c07cafe,0.007838728985
ck_49886ff1e2c759d6,0.018341594234
ck_150a1108f936e6b0,0.005665402706
ck_e21f9f96f597695b,0.005316136769
ck_7297bff2b7fdcbc8,0.002394145605
ck_ee949c71f4f702eb,0.963709762525
ck_6fc37dea4b4f35c6,0.056083660975
ck_e76257caa98dc25d,0.996009295663
ck_828eef2334e17b3a,0.012434073596
ck_604e1b8a8c693aa7,0.032099187513
ck_7743c9fe037d1f9e,0.013483803623
ck_864a11202e19e812,0.239962860500
ck_4ec040b9e3785e4a,0.005380863955
ck_7346e4f820d9c00a,0.337117380266
ck_48d4d63beb26b623,0.027383623511
ck_c423aa6de3ed1e01,0.002997624180
ck_d74b2ead8aaa3f73,0.016281438987
ck_1dd69a11daa7bf1a,0.007008212815
ck_d9143e236eef177f,0.082289818684
ck_f790d91e5ff0eccd,0.032310413866
ck_69b5620e00ef5dec,0.001280737751
ck_cd32e58e8a1c0e85,0.010257789631
ck_064013b0957d87a5,0.995163909954
ck_a481385c2e60dc4a,0.017501468037
ck_d72035cb29db3aa4,0.017332498559
ck_3759939a0205306d,0.005240615862
ck_f437a53fc832ec95,0.537269939781
ck_260ef2f3e6434819,0.032070240780
ck_35e411b05d22f663,0.009337331862
ck_8bf46e472f3e20de,0.082013552092
ck_d546994fc5d3e9d1,0.007776903882
ck_6ff0fc7487e737e7,0.319992815407
ck_5c67f27816ae0b6f,0.019378684106
ck_c5517923458106ae,0.006914283303
ck_d9735647a6b0b0a7,0.698358476663
ck_541a734fc457246f,0.021791438220
ck_2f6a639468f41043,0.004569756565
ck_bea2cf7a6b7bb900,0.001880475593
ck_7eebd0e6ad6c070e,0.005247120218
ck_b64c87d5e3b10e6a,0.297522869442
ck_9dd7daacb7833233,0.003616793086
ck_396e9ea9a6c6d7d9,0.148141925525
ck_1645e6cc53fa99ff,0.003204570078
ck_ea2a83ccb8d57490,0.012934035633
ck_e64f0df63e1be595,0.013854732517
ck_fa0b234481cb57d3,0.007795945097
ck_63379e3c9fe6f711,0.040076591278
ck_c67f7944896a0310,0.035536779360
ck_c10e54c9db29e6ef,0.997582027953
ck_7184ad7709ae4c80,0.023862310814
ck_f8b6069d7577fde6,0.025602423530
ck_18444be153bac1ca,0.362857248802
ck_d0982b4e0e118e4d,0.125960764454
ck_6faf3e6820398866,0.010317996363
ck_97e980463aca4644,0.012369857900
ck_630c835243c66b19,0.914265716079
ck_fe429ba3e1aa0e4f,0.013784007287
ck_1058129ed7b48c59,0.013247509302
ck_04a1a46f07885296,0.025959609001
ck_f01e94331067edf6,0.008163263129
ck_77b2fb17c29f5e72,0.010997641948
ck_4f0c5857da45fb28,0.067798370070
ck_2cfb9a7775e8a5bc,0.886742433709
ck_6846100e43659bf3,0.008461534776
ck_f89719a854fe11d7,0.017784233051
ck_bf47375e41ca3bc0,0.004788526022
ck_2770b0400a7bef08,0.060061440448
ck_2a09d142de1c77ff,0.004811401278
ck_857a1f5547b9ad68,0.008204297086
ck_185f15b1523bbcf4,0.007402591985
ck_ab2aed614ec1cdf8,0.013043602021
ck_a9e7f3b2d5dfd97b,0.002788082620
ck_0eeb3d9b3e697edb,0.021639503823
ck_fa5830d81bc8ddc1,0.009830101971
ck_231ae0329ebc3220,0.013076026297
ck_1587763dd54688c9,0.052398051760
ck_9f85fea4490c00cf,0.010540262840
ck_a2d709e7eb91e4af,0.046805306629
ck_43637d28c7216453,0.009580919909
ck_f3ab5dd853d38252,0.016650617693
ck_4a1f0172d3bf4fd3,0.035027332926
ck_517620ca16505af0,0.005324266270
ck_9ae904fbef56065c,0.018818610518
ck_d5ef1f6e34bb35b8,0.038266154546
ck_ff42557857ae3aeb,0.004811425598
ck_ad9a18f58589faa7,0.020630405328
ck_df1a6edaa3e6b271,0.002235761866
ck_99021fe7225b5a68,0.030136955895
ck_99e52c3c2530b69e,0.970224388937
ck_3a4811dc4a1a891d,0.021912354679
ck_ba3a6be026c87079,0.003012835320
ck_da6d1e5cf6aba6fd,0.003346603564
ck_ddc7c1f3d45fe6e6,0.006287751378
ck_e1b1e7a7e4a15b3e,0.036740195714
ck_8288f7f226e08b89,0.012646730582
ck_c4524993ec31dbe5,0.027451764783
ck_8b19bb5b23b6741c,0.021354225898
ck_d21b38231a8a9f4a,0.155593477384
ck_3f730318a9792292,0.017234355548
ck_a4db6e94a8f77f9d,0.057924123518
ck_a8cac8d480306839,0.001313099418
ck_5472214011fbc2a7,0.005105591913
ck_7356f47dbbbe7904,0.029196514025
ck_16801e628e883d78,0.005229313267
ck_0dc1e536231c4860,0.012289616295
ck_7cd0634a6e60af83,0.006671849946
ck_ef6f8e048ae1bd4b,0.006271813338
ck_82f3f744209888ac,0.027467746866
ck_f33188c232a03526,0.302682420264
ck_4a59f4e10bf45d7f,0.006281186715
ck_d96c893721385e4e,0.001859326704
ck_f65ab819373edb37,0.018322737114
ck_21cac21fc10b7768,0.004382817352
ck_139b54e6ccbdd7da,0.031197968912
ck_d6f5c8741697abb3,0.009647771521
ck_a28d9bb5590d458f,0.024125743552
ck_ed26d906883bea0a,0.013646090079
ck_227602ad072b838b,0.007310033527
ck_39d5f6c17c745ab1,0.004007139592
ck_744eade757ba69b5,0.032038781577
ck_c1295d97cdf35ec2,0.002840613850
ck_69105f881da3c821,0.002875745542
ck_933789b55361d7c1,0.852203803719
ck_b667952253503174,0.014008345709
ck_7bf668e25abeeb05,0.002388767458
ck_91742711dfdffd56,0.016228515623
ck_af32a0660090dd68,0.008704319686
ck_2122f201e65f76ee,0.011725031597
ck_f48acb73a5d6af07,0.014571368559
ck_337c5684510cf432,0.039262127745
ck_f7bde7265053364d,0.011626546595
ck_c190c7b924edba75,0.017651110043
ck_044fa3b3a003f0b5,0.025764334907
ck_87eb43e3b9d96169,0.193071053763
ck_2d3d6c9364362017,0.001816364746
ck_ac55dc6cbcdf8228,0.003771094865
ck_61d7b0568ec5d6cf,0.052021813285
ck_89c74feeaffa7d09,0.019704380362
ck_93776b0c113f41f0,0.051745079237
ck_15e0b679931f7a8d,0.007584116551
ck_77b56c49cfdb1d81,0.064943342654
ck_73188a826b5f499f,0.005022824883
ck_4f463ef25325ddfa,0.404957114924
ck_863db2e394dc47d1,0.990910730058
ck_d52432ed597f3cc9,0.017546492646
ck_04fb61e5739642f8,0.150385724492
ck_2e481d75d110c06d,0.071499061654
ck_3fa1a523d77cd619,0.020934980359
ck_466dc6274fecd708,0.003340538016
ck_e1790b3aa2241b10,0.685545125793
ck_84ad096a46e1a960,0.009266224674
ck_3be72c9c178fa00d,0.024795830033
ck_5a17c89219d1d9fe,0.037937124150
ck_4f639f4ee6ce8d9e,0.055879621067
ck_f4ec4a935e51b4db,0.013888177960
ck_f04040a830f92bac,0.020272001264
ck_3e4d02a04be2aaf8,0.058168208228
ck_4d1baef193cfb900,0.007141856545
ck_0fb3153d37626b75,0.002676766356
ck_88ec57a11b11f702,0.389932861974
ck_dca9dc465f759db4,0.006962219682
ck_64f5fba6af67e024,0.027585369346
ck_896096cb167254ef,0.036951594560
ck_7878679065876b98,0.012353305778
ck_fe8e5a6c880ceb4e,0.012860987405
ck_a5e036327d3d1862,0.001801641965
ck_310f73940fc4cf4f,0.024788221219
ck_46a8db16ad00b749,0.033818523646
ck_0d33977c3de8cfaf,0.997446779648
ck_c6fff412f531db0f,0.000670747950
ck_bac6dadf428eaea9,0.012555294280
ck_1b96d9af0d7da2d5,0.003659544686
ck_fa8a4a9e77799fcc,0.008736192001
ck_0bf48607a874b4d1,0.004501062839
ck_eeb75f8a6439f65e,0.013543749711
ck_a209a5f7d172125e,0.005075640205
ck_8f346b72fb40bf14,0.004936111644
ck_bccbf9fef367f00f,0.005966780560
ck_2d1548f1ee405cc9,0.103938247426
ck_e8298ff2dc1e9d50,0.002847898889
ck_77c0fb524edb4a94,0.011019542004
ck_28ac4c5134cb8e77,0.036750761364
ck_db23a0e3e54be60c,0.077176054046
ck_a059d00cee5cee99,0.005738008258
ck_3e9e3bba8bd363af,0.014291010812
ck_0428728df24cdab4,0.002735687427
ck_88cd35378075c84f,0.006735796218
ck_0174d76398d9dc0f,0.461250335924
ck_3f1287e6c27de0dc,0.013030679524
ck_ff822700f3605e06,0.999674486862
ck_4563227b2038ae07,0.100315477779
ck_788e78065526ee19,0.014629013554
ck_8a16eb584093b12f,0.002391101356
ck_cc276f71ab6c08fd,0.021004862623
ck_d61d97b21002f3e9,0.035941593505
ck_4b2e87d86a5e415c,0.025111838191
ck_3e6f35e4500d2f2a,0.002449352130
ck_3acdb083e0d8ad61,0.002678672706
ck_cd655202db489010,0.005198532843
ck_829cbf5ccda481ae,0.005586775334
ck_f5882e6f98b8b4cd,0.002201854746
ck_767947540b234add,0.007037842705
ck_a6e8e8f535b1f1d1,0.039189035484
ck_58412a2674fea506,0.018078905911
ck_fae7e518a585fa61,0.017432924896
ck_9c60ae6958d68dbd,0.109432342585
ck_328696b8f5e54ec6,0.053336973939
ck_7df3f8f4f1068d62,0.009225983293
ck_cfadd21458230ef7,0.005955293594
ck_7048bedd554c703b,0.009058578921
ck_50422466f145bfd7,0.002502270771
ck_61e1f7168cd9ff25,0.062766529125
ck_733aff0f56f5b3c9,0.046190557705
ck_e14892e424180549,0.002932471377
ck_03f6664a96de7d0f,0.008795978813
ck_b7f4baa2cc82fe61,0.007164535178
ck_1e51199a075ca0fa,0.004883679892
ck_0e70516fa07cfb17,0.940176179117
ck_0f37c554a5057801,0.141739813203
ck_5576b725de38d106,0.006496472835
ck_82f360df1e9f4eb8,0.042918639204
ck_395f3bd4aacd7ca6,0.023651380823
ck_5e8e857b63966609,0.406927401527
ck_93470896f0804b6b,0.966110572129
ck_3be854e42e76569a,0.012703341443
ck_0567302c57a2417e,0.069361052524
ck_ee535461b5f05539,0.246933524210
ck_94a096c36162a153,0.007801634345
ck_dfc8f5c141fd7c63,0.008567090793
ck_98b34f2d704c1c2a,0.038925742111
ck_96dff7a09d45f116,0.014054572078
ck_79557434c129ba52,0.048618590794
ck_4596624a7c01d501,0.009456003137
ck_04e89fbd739243fa,0.006824059580
ck_6149ffaf18872dc8,0.004705023464
ck_cd78f0832a09bd8f,0.151236795198
ck_7e29c10d781c3b41,0.008527625555
ck_1f7ee7b23fc6f2f4,0.004950985101
ck_c49b685d2b3ab89a,0.003471214263
ck_84569a8fc50e73ac,0.014478503254
ck_b92b11d205af91eb,0.003860587393
ck_06280e6d6d2485b0,0.003949767615
ck_3c08546dd0c92863,0.009739421393
ck_99d3983f907828bf,0.016189089806
ck_eccfd552aa652d3c,0.014313628970
ck_0cff8153881875ba,0.027645502690
ck_c1aebbeca6ab5ff9,0.012274662466
ck_538fdbbb3c2bcbbb,0.020298149375
ck_8c0210322733c718,0.005877557234
ck_0b0c93039f987abc,0.003501984958
ck_6d07d6d1bd227d37,0.179740059108
ck_9b6ee35e8cd0b11c,0.008983422027
ck_d838491d3d4f5ecf,0.026386447818
ck_0593ae243a9ebee9,0.009921856019
ck_ef261fc09be8eb0b,0.006795920788
ck_d0935b571a4a3868,0.010091682348
ck_97d04a67a104af39,0.038177672811
ck_e25f70d0b7229420,0.026569985851
ck_9b71274ff83de482,0.945189129980
ck_6de2aa2bb60978d3,0.013495975119
ck_eda55c8fb47593d7,0.012652463044
ck_924e572517515f19,0.336901483847
ck_d6f27eacbad310f4,0.002873033462
ck_8550f229b5eb03ab,0.003850684488
ck_e3e95546a84d0ed8,0.036076134553
ck_3135c019696ee6af,0.854872085698
ck_41ba315d8fccb559,0.008470525318
ck_72b86e4485da2d0f,0.985324554098
ck_daaa995f3c2f0e47,0.021793265341
ck_053746067839696b,0.010835104315
ck_a15fe7d0f4b65c33,0.407792191414
ck_15de11438732bb05,0.006076559690
ck_2c4d25acbe3fabd9,0.005398223058
ck_7f08078908599bd2,0.064588343483
ck_e794741742fb2619,0.015700014314
ck_238e53b6dee8c301,0.013379479714
ck_53a6a33060d5c8b8,0.020989796938
ck_0e0919292ad33472,0.667895669630
ck_d86ccf148c06c8c8,0.008814729535
ck_c881f26c9bf9ae42,0.510075666862
ck_4b0947bf94e9d847,0.018341411638
ck_e10ff5c38bd18470,0.004716248006
ck_b60de9e97aad9e45,0.726766205791
ck_190bc849e5ff5401,0.033347287398
ck_e7be077aa0b2632c,0.015061489051
ck_a51abde881ebeff3,0.015307791763
ck_2208392a9f6bd249,0.008874107876
ck_0259da8f109017e9,0.010093668648
ck_05e01ab9c95449da,0.011355141976
ck_c82897ebffb6ae66,0.005415604593
ck_b4a6bb4689cd7cfa,0.013815794901
ck_9e21ea33018ce538,0.014652915057
ck_caa348f0e65db062,0.995205029866
ck_a964e6b5d8415334,0.329565968112
ck_510bfbbee37ff436,0.009610133649
ck_9741a82faf5c7889,0.026517507422
ck_e7f61b4a39ba98ac,0.002169004267
ck_069d158665a53909,0.007233489190
ck_6426427efe3228af,0.020478825859
ck_ab4a8d02ec3c0fd7,0.003098218931
ck_aefa0d8d933e0eca,0.021737389961
ck_232325ef6bce92f1,0.004962849808
ck_14e58c3fb26a2b4d,0.019791551623
ck_06e73afdec26aecc,0.082024125173
ck_3168f4f2778d64e1,0.012760580731
ck_ff3998d6858daa21,0.003712425906
ck_bccff46fb0868454,0.049673391390
ck_c7d444d90fa86d7c,0.207580179190
ck_f0bc3bdee6bfbb94,0.026870956684
ck_f7112818a6d81422,0.023529490453
ck_aca35dbcb835ad02,0.009075588277
ck_f637fabf0f60528f,0.030809998824
ck_53d17ab97de1ac3e,0.040298128247
ck_c8c1bf16d9113493,0.044367506160
ck_e842fb0cf055a83b,0.122718337709
ck_93c0cb3dac4891fe,0.005818440095
ck_0c1f088e17e46daf,0.033198301089
ck_8f4b384955bf57c9,0.003105182108
ck_09cd5c4df1e81ac2,0.046747104723
ck_1e832a5b2342554f,0.053717786314
ck_2cb763a881aee27f,0.001285698852
ck_5875828b11406398,0.008639600961
ck_48e84b0cb0b90fa7,0.014136512038
ck_833688de8629c5c0,0.007807033801
ck_117d78ccd5820f36,0.009540371758
ck_668ec61c4c39cae3,0.003804557936
ck_73a7794b659d7a34,0.009226411320
ck_10f90d879209734f,0.008188076642
ck_d1d079913aa158bf,0.007737300473
ck_01c631b38e8a9535,0.009633091121
ck_f6923088c17a04e2,0.046315388433
ck_b447badc9138987d,0.000866839464
ck_8b772caed8f1541c,0.004772328635
ck_5403c76fe68a08ba,0.873550641891
ck_3e6833574edf1736,0.039012618802
ck_e527fbb9450a4581,0.604655794277
ck_cc90e219f1ebf390,0.000874395999
